"Join Scaler Academy by InterviewBit, India's 1st job-driven online tech-versity.
Accelerate your tech skills in 6-months and land a job at the top tech companies globally.
300+ of our students have landed jobs with an salary range of 18-35 LPA at 150+ companies that include Google, Amazon & Microsoft.
No upfront payment. Pay us only after you get a high-paying job.
Live interactive online classes three days a week at night-time. Attend classes from the comfort of your home, even while working full-time.
Visit our website: website link:https://bit.ly/2WcJ7Xs
Follow us on Youtube: https://www.youtube.com/c/ScalerAcademy
Follow us on LinkedIn: https://www.linkedin.com/school/scaleracademy/"
!,@,#,$,%,U,^,&,*,(,)
thanks
!,@,#,$,%,U,^,&,*,(,)
rbr  has done memory management in 70 videos ....and varun sir has done complete os in 89 videos how it is possible...plz somebody reply who watched this playlist completely.
!,@,#,$,%,U,^,&,*,(,)
I want a tutor for OS and ADA if anyone know a good tutor plss msg me as soon as possible thnks
!,@,#,$,%,U,^,&,*,(,)
Plz send your ch = 2 video
!,@,#,$,%,U,^,&,*,(,)
You are a best teacher of computer
!,@,#,$,%,U,^,&,*,(,)
Awesome Bro! You helped me alot in my studies.
!,@,#,$,%,U,^,&,*,(,)
Bikh kyu mang raha hai
!,@,#,$,%,U,^,&,*,(,)
Anyone who is watching this in high school just to write a custom rom for a 6502 computer you are trying to build or is it just me? Im planning to build my own 6502 based computer with vga video output with a resolution of 200Ã—150px (5k ram usage and 64 colours). So i wanted some idea of minimum requirements. Btw i got the keyboard input functionality working.
!,@,#,$,%,U,^,&,*,(,)
"thanks, sir you are the best you helped me a lot in computer arch. and organization and this topic too"
!,@,#,$,%,U,^,&,*,(,)
aag laga diya aag laga diya bahi
!,@,#,$,%,U,^,&,*,(,)
"Congratulations Varun sir, I just watched that this video got 1M+ views, really thankful to you for helping me since 2nd year till 4th year of my college."
!,@,#,$,%,U,^,&,*,(,)
Your teaching is awesome sir love your content and very thankyou for this amazing seriesğŸ‘
!,@,#,$,%,U,^,&,*,(,)
https://youtube.com/playlist?list=PL8i7l40SMnv4aKr8l5JBTqBoB8l4fOrzz
!,@,#,$,%,U,^,&,*,(,)
I am here before 15 min of oral exam of os
!,@,#,$,%,U,^,&,*,(,)
Sir tusse great ho
!,@,#,$,%,U,^,&,*,(,)
Thankx very much sir for this series
!,@,#,$,%,U,^,&,*,(,)
"Sir,can i use your videos for prepration of gate ?"
!,@,#,$,%,U,^,&,*,(,)
"too easy to learn Sir, Sir upload c c++ lectures or try to start by yourself . your body language and instrucys with best way."
!,@,#,$,%,U,^,&,*,(,)
"Thank you sir, radhe radhe"
!,@,#,$,%,U,^,&,*,(,)
such a helpful  video.
!,@,#,$,%,U,^,&,*,(,)
Suruvat me 90% market acquire kiya tha windows ne ab 78% market acquire kiya hai
!,@,#,$,%,U,^,&,*,(,)
Abhi windows ne sirf 78% market he acquired kiya hai
!,@,#,$,%,U,^,&,*,(,)
Sir mobile me to operating system kam krte haina cpu computer me krta hai but mobile me kya krta hai
!,@,#,$,%,U,^,&,*,(,)
"Good teaching
This vedio Cleared  the concept of OP just before night exam"
!,@,#,$,%,U,^,&,*,(,)
Thanks for subtitles bro ğŸ¤©lots of love from Andhra ğŸ˜ğŸ˜
!,@,#,$,%,U,^,&,*,(,)
Does any one have any notes made please share
!,@,#,$,%,U,^,&,*,(,)
Thank You Sir ğŸ‘ğŸ’¯ğŸ™
!,@,#,$,%,U,^,&,*,(,)
sir notes available hoge kya ? sabhi subjects ke
!,@,#,$,%,U,^,&,*,(,)
"Sir, can you make videos on lectures of OOP-1(JAVA)...??"
!,@,#,$,%,U,^,&,*,(,)
thanks for the subtitles. lots of love from kerala
!,@,#,$,%,U,^,&,*,(,)
Kindly pinned it to help students to get short hand made notes of your channel
!,@,#,$,%,U,^,&,*,(,)
what is efs please make video
!,@,#,$,%,U,^,&,*,(,)
Sir ji BCA 4th Sem ke  notes provide kr doh  ge easy language mein ji
!,@,#,$,%,U,^,&,*,(,)
can u please suggest any good book of operating system ??
!,@,#,$,%,U,^,&,*,(,)
"I have exams on the 28th, this is very helpful. Thank you friend"
!,@,#,$,%,U,^,&,*,(,)
very very good explanation sir
!,@,#,$,%,U,^,&,*,(,)
sir aap white balance thoda kam rakhna padhne me problems hoti hai
!,@,#,$,%,U,^,&,*,(,)
Thank you sir
!,@,#,$,%,U,^,&,*,(,)
"Do you want to print ka option nhi aatağŸ˜€

Thank u sir itni sahi playlist le liyeğŸ˜"
!,@,#,$,%,U,^,&,*,(,)
Awesome keep it up
!,@,#,$,%,U,^,&,*,(,)
Sir are you married?ğŸ˜‡
!,@,#,$,%,U,^,&,*,(,)
thank you sir for this video it helped me alot.
!,@,#,$,%,U,^,&,*,(,)
Nice
!,@,#,$,%,U,^,&,*,(,)
Tomorrow is my exam. ...
!,@,#,$,%,U,^,&,*,(,)
I  â¤ï¸ U    sir aap ni hote to hmara concept clear hi na hota...
!,@,#,$,%,U,^,&,*,(,)
https://youtu.be/NZCXDytHP9A
!,@,#,$,%,U,^,&,*,(,)
Iâ€™m watching this vid from South Korea for my midterm!
!,@,#,$,%,U,^,&,*,(,)
"Thanku so much sirğŸ§¡
You explaining very well ğŸ™â¤"
!,@,#,$,%,U,^,&,*,(,)
Thank you sir.. :)
!,@,#,$,%,U,^,&,*,(,)
Sir your teaching skills are amazing.
!,@,#,$,%,U,^,&,*,(,)
sir make videos on internet programming and c++ too
!,@,#,$,%,U,^,&,*,(,)
Thanks for sharing ur knowledge with us ğŸ¥°ğŸ¤— and nice explanation ğŸ¥°ğŸ¤—
!,@,#,$,%,U,^,&,*,(,)
https://youtu.be/aJ0_vKgqUAQ
!,@,#,$,%,U,^,&,*,(,)
https://youtu.be/LQ2GOVmPBFY
!,@,#,$,%,U,^,&,*,(,)
What a Explanation sirâ¤ï¸â¤ï¸ğŸ‘
!,@,#,$,%,U,^,&,*,(,)
Thanks sir
!,@,#,$,%,U,^,&,*,(,)
"Hello sir! I Just found your channel today and you explain really well sir! Next month is my 12th boards and this video is really helpful! 
Thank you,"
!,@,#,$,%,U,^,&,*,(,)
U r the best sir os i s very complex topic  but when sir u explain it its like learning abcd
!,@,#,$,%,U,^,&,*,(,)
Thanks sir ğŸ™‚âœ¨
!,@,#,$,%,U,^,&,*,(,)
Sir your teaching mathod great ğŸ‘ğŸ‘ and easy to understand
!,@,#,$,%,U,^,&,*,(,)
This video helped me lot thanks sir  very much kal ko mera paper hağŸ™‚ğŸ™‚ğŸ™‚ğŸ™‚
!,@,#,$,%,U,^,&,*,(,)
Bhai ye mai hun aur ye aapka video hai and kal mera exam hai and is video ne meri bohot help ki haiğŸ˜…
!,@,#,$,%,U,^,&,*,(,)
Your vedios are very helpful sir tnk u sirğŸ™ğŸ™
!,@,#,$,%,U,^,&,*,(,)
Thank you so much tapaiharo Le garda nai hamile mobile bata pani padna payeka xau thank you so much ğŸ˜ŒğŸ˜ŒğŸ˜Œ
!,@,#,$,%,U,^,&,*,(,)
"Sir ye functionalities ko services bhi kehte hai

Ya services of operating system alag topic hai"
!,@,#,$,%,U,^,&,*,(,)
Very useful video sirâ˜ºâ˜º
!,@,#,$,%,U,^,&,*,(,)
New semester start and am here with new course ğŸ˜‹
!,@,#,$,%,U,^,&,*,(,)
tq so muchh
!,@,#,$,%,U,^,&,*,(,)
"Sir , ap bohoth awesome teach karte hai, ap ke jaaise padhane vale teacher nahi mela hum ku, Thank u so much for such a clear Crystal explanation"
!,@,#,$,%,U,^,&,*,(,)
best video ğŸ‘ŒğŸ‘ŒğŸ‘ŒğŸ‘Œ
!,@,#,$,%,U,^,&,*,(,)
Great teacherğŸ™
!,@,#,$,%,U,^,&,*,(,)
Thanks for providing such a great vision on different topics
!,@,#,$,%,U,^,&,*,(,)
"Love you Bro â¤ï¸, you are doing a great Job .. You make study easy for us."
!,@,#,$,%,U,^,&,*,(,)
Your explain quality very nice sir and also make video on mobile operating system ğŸ˜°
!,@,#,$,%,U,^,&,*,(,)
Sir it is very helpful for me to revise my topics before my university exam.. thank u for this video. Please try to upload videos for DBMS
!,@,#,$,%,U,^,&,*,(,)
what books should we follow?
!,@,#,$,%,U,^,&,*,(,)
are bete moj krdi tum toh bade heavy driver ho
!,@,#,$,%,U,^,&,*,(,)
Great keep going
!,@,#,$,%,U,^,&,*,(,)
Nice
!,@,#,$,%,U,^,&,*,(,)
Tq so much sir u really explained very well
!,@,#,$,%,U,^,&,*,(,)
"Sir is there any course available for kvs, dsssb aspirants ( computer science )"
!,@,#,$,%,U,^,&,*,(,)
ratte mar kar mat padaho
!,@,#,$,%,U,^,&,*,(,)
Sir app to kamal ki teaching kar rahy h
!,@,#,$,%,U,^,&,*,(,)
"Sir plz define difference between channel capacity vs bandwidth
baudrate"
!,@,#,$,%,U,^,&,*,(,)
MaShaALLAH brother .. u explained so well
!,@,#,$,%,U,^,&,*,(,)
Tysm â¤ï¸
!,@,#,$,%,U,^,&,*,(,)
Thankyou sir ğŸ’–ğŸ’–ğŸ’–
!,@,#,$,%,U,^,&,*,(,)
Very nice explain you  it's very helpful thaks a lots of
!,@,#,$,%,U,^,&,*,(,)
Thanks a lot it was very easy to understand
!,@,#,$,%,U,^,&,*,(,)
"Thank youuu so much sirğŸ™ğŸ™ğŸ™
Best explanation.."
!,@,#,$,%,U,^,&,*,(,)
Your nyc session sir
!,@,#,$,%,U,^,&,*,(,)
so simple and bestest explaination ever of each topic till depth......i started this course today and i thik i chose the bestğŸ˜„ thank u so much sir
!,@,#,$,%,U,^,&,*,(,)
Sir very good. exams blkul qareeb h mgr mjae koi tyaari nhi bcz teacher ny hmae kuch btaya hi nhi
!,@,#,$,%,U,^,&,*,(,)
Good one
!,@,#,$,%,U,^,&,*,(,)
Thanku sir for all your help... ğŸ™
!,@,#,$,%,U,^,&,*,(,)
"Thank you Sir!
Helped me with my GATE preparations!"
!,@,#,$,%,U,^,&,*,(,)
Please make a video on middleware.. Much needed. ThanksğŸ™ğŸ™ğŸ™
!,@,#,$,%,U,^,&,*,(,)
"video has 896,047 views but 437K subscribers......

GUYS this is unfair........... Let's make our family to 1 million .................."
!,@,#,$,%,U,^,&,*,(,)
Best lecture ğŸ–¤ğŸ‘Œ.....Thank u soo much sir.... â£ï¸
!,@,#,$,%,U,^,&,*,(,)
Sir are you from haryana...your voice is asome...it made me understand everything
!,@,#,$,%,U,^,&,*,(,)
Sir u explain very nicely
!,@,#,$,%,U,^,&,*,(,)
just thanku.
!,@,#,$,%,U,^,&,*,(,)
Thnkuu sir ache se smj aara h ğŸ‘Œ
!,@,#,$,%,U,^,&,*,(,)
1 no. Video sir ji
!,@,#,$,%,U,^,&,*,(,)
Sir u r great teacher ğŸ˜
!,@,#,$,%,U,^,&,*,(,)
Thanku sir you made this topic very understandable and easyğŸ‘
!,@,#,$,%,U,^,&,*,(,)
"i am seeing this video cuz there is my viva half an hour later

ğŸ™„good video mam se jyada hi samajh aa gaya vaise"
!,@,#,$,%,U,^,&,*,(,)
thank you very much sir from lpu !! love the video !! keep it up
!,@,#,$,%,U,^,&,*,(,)
It helped me to learn this entire topic just a night before exams
!,@,#,$,%,U,^,&,*,(,)
who is here from Nidi sec. F ?
!,@,#,$,%,U,^,&,*,(,)
Wow too good nice explanation â˜ºï¸â˜ºï¸â˜ºï¸ loved it ğŸ’“ğŸ’“ğŸ’“
!,@,#,$,%,U,^,&,*,(,)
"ã…¤ğŸ‘ï¸ ğŸ‘ï¸ 
 ğŸ¤› ğŸ‘ƒğŸ¤œ
       ğŸ‘„"
!,@,#,$,%,U,^,&,*,(,)
Can you please speak English?
!,@,#,$,%,U,^,&,*,(,)
Thank you
!,@,#,$,%,U,^,&,*,(,)
This video is very useful sir. Thank you so muchğŸ˜Š.
!,@,#,$,%,U,^,&,*,(,)
Way of explanation is amazing thank u so much sir
!,@,#,$,%,U,^,&,*,(,)
Thnku sir so much ğŸ¤—ğŸ¤—ğŸ¤—
!,@,#,$,%,U,^,&,*,(,)
Thanks and great respect from Pakistan Sir .
!,@,#,$,%,U,^,&,*,(,)
sir plllz provide notes
!,@,#,$,%,U,^,&,*,(,)
Sir Qbasic ka v videos banaye hame bahut sahyog milega please please
!,@,#,$,%,U,^,&,*,(,)
Thank You Sir
!,@,#,$,%,U,^,&,*,(,)
Thankuu sir for this lact...â˜ºï¸â˜ºï¸ğŸ™
!,@,#,$,%,U,^,&,*,(,)
Tq
!,@,#,$,%,U,^,&,*,(,)
Nice explanation â¤ï¸ good job â¤ï¸
!,@,#,$,%,U,^,&,*,(,)
Best video
!,@,#,$,%,U,^,&,*,(,)
ğŸ‘ğŸ‘ğŸ‘
!,@,#,$,%,U,^,&,*,(,)
Thank you sir ... Your videos are very helpful for us...tysm
!,@,#,$,%,U,^,&,*,(,)
excellent explainationâ˜º
!,@,#,$,%,U,^,&,*,(,)
ğŸ‘ğŸ‘ğŸ‘ğŸ‘ğŸ‘ğŸ‘ğŸ‘ğŸ‘ğŸ‘
!,@,#,$,%,U,^,&,*,(,)
You are Great ğŸ‘Œ  Sir....Love From PakğŸ’¥
!,@,#,$,%,U,^,&,*,(,)
mesiiah againnnnnnnnn . are you messiah-man like super man.
!,@,#,$,%,U,^,&,*,(,)
sir  bca  2nd year ka class  hota hai sir
!,@,#,$,%,U,^,&,*,(,)
Thank you so much sir
!,@,#,$,%,U,^,&,*,(,)
Sir tola wazht kesat
!,@,#,$,%,U,^,&,*,(,)
Thanku so much sir
!,@,#,$,%,U,^,&,*,(,)
Thank you sir
!,@,#,$,%,U,^,&,*,(,)
Niether English subtitles nor language in English keeps large number of people away from this series.
!,@,#,$,%,U,^,&,*,(,)
I recommend your channel to all my mates because of the way you explain and clear the topic.
!,@,#,$,%,U,^,&,*,(,)
"Really lucky to crossed this channel on YouTube. Not preparing for gate still your content helped me alot in os subject.
Thank-you sir."
!,@,#,$,%,U,^,&,*,(,)
Good.sir
!,@,#,$,%,U,^,&,*,(,)
Great job sir ..ğŸ˜Šthnks
!,@,#,$,%,U,^,&,*,(,)
Sab  samajh  aa  gaya
!,@,#,$,%,U,^,&,*,(,)
Good video
!,@,#,$,%,U,^,&,*,(,)
Sir thank you a lot ğŸ˜Š tomorrow was my exam and this video helps me a lot ğŸ˜ŠğŸ˜ƒ
!,@,#,$,%,U,^,&,*,(,)
A good informative lecture sir..
!,@,#,$,%,U,^,&,*,(,)
Great teacher start with out cheating
!,@,#,$,%,U,^,&,*,(,)
"Love u bhhiya â¤thanxx this, is really goodâ¤"
!,@,#,$,%,U,^,&,*,(,)
Thank you for valuable information regarding OS
!,@,#,$,%,U,^,&,*,(,)
Sar aap etna pasina kyon aata hağŸ˜
!,@,#,$,%,U,^,&,*,(,)
ğŸ˜Š
!,@,#,$,%,U,^,&,*,(,)
Thanks ğŸ¤©
!,@,#,$,%,U,^,&,*,(,)
thank u so much..
!,@,#,$,%,U,^,&,*,(,)
Nice video thanx sir
!,@,#,$,%,U,^,&,*,(,)
Kaash ap hamare institution mei hote..
!,@,#,$,%,U,^,&,*,(,)
good one.
!,@,#,$,%,U,^,&,*,(,)
Nice lecture ğŸ˜ŠğŸ˜ŠğŸ˜Š
!,@,#,$,%,U,^,&,*,(,)
ğŸ’œğŸ§¡ğŸ’™â¤ï¸ğŸ’™â¤ï¸
!,@,#,$,%,U,^,&,*,(,)
Thanks of lot sir
!,@,#,$,%,U,^,&,*,(,)
Amazing lec
!,@,#,$,%,U,^,&,*,(,)
Thanks sir
!,@,#,$,%,U,^,&,*,(,)
Thank you sir ğŸ™ğŸ™ğŸ™ğŸ™
!,@,#,$,%,U,^,&,*,(,)
Tq sir mari Ai2 video se bht lav ho roha ha
!,@,#,$,%,U,^,&,*,(,)
Anyone here from MLZSğŸ‘
!,@,#,$,%,U,^,&,*,(,)
Well
!,@,#,$,%,U,^,&,*,(,)
It's very helpful
!,@,#,$,%,U,^,&,*,(,)
That's good
!,@,#,$,%,U,^,&,*,(,)
Sir aap bsc vala ko bi  padhata ho
!,@,#,$,%,U,^,&,*,(,)
Sir aap bsc vala ko bi padata ho
!,@,#,$,%,U,^,&,*,(,)
You were awesome sirğŸ™Œ thank youâ¤ğŸ˜‡
!,@,#,$,%,U,^,&,*,(,)
"Sir please make lot of video related to bsc it topic O.S, I.P, DE, DM, your video is totally so appreciatable....jay hind sir salute you from IAS assistants."
!,@,#,$,%,U,^,&,*,(,)
ã‚ã‚ŠãŒã¨ã†ã”ã–ã„ã¾ã—ãŸ
!,@,#,$,%,U,^,&,*,(,)
your lectures are good but you use some difficult words so your lectures become difficult for me..............................
!,@,#,$,%,U,^,&,*,(,)
thank you sir...full experienced performance
!,@,#,$,%,U,^,&,*,(,)
Thanks sir
!,@,#,$,%,U,^,&,*,(,)
Thanks bro
!,@,#,$,%,U,^,&,*,(,)
"Normal T shirt would have been appreciated, since it distracts the attention of viewers. Unwanted focus goes from board to weird picture on T shirt. 

These are simple rules, Computer ""Think Tank"" doesn't know ?"
!,@,#,$,%,U,^,&,*,(,)
You are amazing sir
!,@,#,$,%,U,^,&,*,(,)
Thanks sir for your help &âœ“â„¢ explanation
!,@,#,$,%,U,^,&,*,(,)
Thanks ğŸ‘
!,@,#,$,%,U,^,&,*,(,)
ğŸ™ğŸ™ğŸ™
!,@,#,$,%,U,^,&,*,(,)
Tq bro your explain is very help in my semister exams
!,@,#,$,%,U,^,&,*,(,)
Thanks Sir ji
!,@,#,$,%,U,^,&,*,(,)
"You have also provided English subtitles. Wow. And Sir, you explained this topic so well. Sab samajh aa gaya ğŸ‘"
!,@,#,$,%,U,^,&,*,(,)
He means turn on the bell so he would get views as soon as his videos come out lol
!,@,#,$,%,U,^,&,*,(,)
"Communication skills I 
CALL 7972086743 PLZ CALL BACK SIR"
!,@,#,$,%,U,^,&,*,(,)
"B.C.A  Dos and Windows
 Operating Systems"
!,@,#,$,%,U,^,&,*,(,)
"Ek baar hamare channel per bhi jaaye......
All computer science material....."
!,@,#,$,%,U,^,&,*,(,)
Operating system ko Lekar Mein YouTube mein bahut sara video dekha parantu aap ka video Nahin Dekha tha aaj aapka Video dekh raha hun to mere ko aisa lag raha hai ki is Prakar ki video ko mere ko pahle hi dekhna tha
!,@,#,$,%,U,^,&,*,(,)
Is this video helpful for class 9 students?? Pls reply??
!,@,#,$,%,U,^,&,*,(,)
"https://youtu.be/yTqSg3tqep4
Complete courses here. Do subscribe, like & follow."
!,@,#,$,%,U,^,&,*,(,)
"Bahut achha explain kiya sir apne ..
Thumbs up ğŸ‘"
!,@,#,$,%,U,^,&,*,(,)
Is windows is an paid operating system??
!,@,#,$,%,U,^,&,*,(,)
Sir we need a dsa playlist from you.
!,@,#,$,%,U,^,&,*,(,)
You are the best Teacher and my favorite as well â¤ï¸ğŸ¤—
!,@,#,$,%,U,^,&,*,(,)
For study
!,@,#,$,%,U,^,&,*,(,)
Thx sir
!,@,#,$,%,U,^,&,*,(,)
Tq sir
!,@,#,$,%,U,^,&,*,(,)
Wa
!,@,#,$,%,U,^,&,*,(,)
Thankyou So Much SirğŸ”¥âœ¨ğŸ˜Š
!,@,#,$,%,U,^,&,*,(,)
"Thank you, sir. I am from Bangladesh. I search for many complete tutorials of os subject but not found. you share many complete tutorials. Thank you so much"
!,@,#,$,%,U,^,&,*,(,)
"0:29, 4:43, 6:02, 7:53,8:30,9:36, 10:56, 12:09, 14:01"
!,@,#,$,%,U,^,&,*,(,)
"there one thing is missing ,,,,, it should be placed between operating system and hardware is Firmware resides in ROM(BIOS chip). Os cannot have direct access to hardware , it needs help of firmware to sends and receives commands."
!,@,#,$,%,U,^,&,*,(,)
Please give list of the computer science  lessons of  class  11th HSC board
!,@,#,$,%,U,^,&,*,(,)
"learn operating system in short & simple way
https://infospoint.tech/OS"
!,@,#,$,%,U,^,&,*,(,)
ğŸƒğŸƒğŸƒ
!,@,#,$,%,U,^,&,*,(,)
Thanku so much sir....your lectures are very effective ğŸ™ğŸ™
!,@,#,$,%,U,^,&,*,(,)
agr tune phele samjhaya hua hai fir yaah kyu bnaa rah hai ye sab sala time waste kar diyaa.
!,@,#,$,%,U,^,&,*,(,)
this man is love . from pakistan
!,@,#,$,%,U,^,&,*,(,)
Great information
!,@,#,$,%,U,^,&,*,(,)
Great information
!,@,#,$,%,U,^,&,*,(,)
Sir utilities of os and functions of os are same??
!,@,#,$,%,U,^,&,*,(,)
thnku so mch sir
!,@,#,$,%,U,^,&,*,(,)
Nice......thank you for the beautiful explanation ğŸ™‚
!,@,#,$,%,U,^,&,*,(,)
It's very helpful â˜ºï¸â˜ºï¸
!,@,#,$,%,U,^,&,*,(,)
Bhut hi behtareen study kraye sir aap
!,@,#,$,%,U,^,&,*,(,)
VERY NICE VIDEO THANKS SIR ğŸ˜„ğŸ™ğŸ¼ğŸ™ğŸ¼ğŸ™ğŸ¼ğŸ™ğŸ¼ğŸ™ğŸ¼ğŸ™ğŸ¼ğŸ™ğŸ¼ğŸ™ğŸ¼ğŸ™ğŸ¼ğŸ™ğŸ¼ğŸ™ğŸ¼ğŸ™ğŸ¼ğŸ™ğŸ¼ğŸ™ğŸ¼ğŸ™ğŸ¼ğŸ™ğŸ¼ğŸ™ğŸ¼ğŸ™ğŸ¼ğŸ™ğŸ¼ğŸ™ğŸ¼ğŸ™ğŸ¼ğŸ™ğŸ¼ğŸ™ğŸ¼ğŸ™ğŸ¼ğŸ™ğŸ¼ğŸ™ğŸ¼ğŸ™ğŸ¼ğŸ™ğŸ¼ğŸ™ğŸ¼ğŸ™ğŸ¼ğŸ™ğŸ¼ğŸ™ğŸ¼ğŸ™ğŸ¼ğŸ™ğŸ¼ğŸ™ğŸ¼ğŸ™ğŸ¼ğŸ™ğŸ¼ğŸ™ğŸ¼ğŸ™ğŸ¼ğŸ™ğŸ¼ğŸ™ğŸ¼ğŸ™ğŸ¼ğŸ™ğŸ¼ğŸ™ğŸ¼ğŸ™ğŸ¼ğŸ™ğŸ¼ğŸ™ğŸ¼ğŸ™ğŸ¼ğŸ™ğŸ¼ğŸ™ğŸ¼ğŸ™ğŸ¼ğŸ™ğŸ¼ğŸ™ğŸ¼ğŸ™ğŸ¼ğŸ™ğŸ¼ğŸ™ğŸ¼ğŸ™ğŸ¼ğŸ™ğŸ¼ğŸ™ğŸ¼ğŸ™ğŸ¼ğŸ™ğŸ¼ğŸ™ğŸ¼ğŸ™ğŸ¼ğŸ™ğŸ¼ğŸ™ğŸ¼ğŸ™ğŸ¼ğŸ™ğŸ¼ğŸ™ğŸ¼ğŸ™ğŸ¼ğŸ™ğŸ¼ğŸ™ğŸ¼ğŸ™ğŸ¼ğŸ™ğŸ¼ğŸ™ğŸ¼ğŸ™ğŸ¼ğŸ™ğŸ¼ğŸ™ğŸ¼ğŸ™ğŸ¼ğŸ™ğŸ¼ğŸ™ğŸ¼ğŸ™ğŸ¼ğŸ™ğŸ¼ğŸ™ğŸ¼ğŸ™ğŸ¼ğŸ™ğŸ¼ğŸ™ğŸ¼ğŸ™ğŸ¼ğŸ™ğŸ¼ğŸ™ğŸ¼ğŸ™ğŸ¼ğŸ™ğŸ¼ğŸ™ğŸ¼ğŸ™ğŸ¼ğŸ™ğŸ¼ğŸ™ğŸ¼ğŸ™ğŸ¼ğŸ™ğŸ¼ğŸ™ğŸ¼ğŸ™ğŸ¼ğŸ™ğŸ¼ğŸ™ğŸ¼ğŸ™ğŸ¼ğŸ™ğŸ¼ğŸ™ğŸ¼ğŸ™ğŸ¼ğŸ™ğŸ¼ğŸ™ğŸ¼ğŸ™ğŸ¼ğŸ™ğŸ¼ğŸ™ğŸ¼ğŸ™ğŸ¼ğŸ™ğŸ¼ğŸ™ğŸ¼ğŸ™ğŸ¼ğŸ™ğŸ¼ğŸ™ğŸ¼ğŸ™ğŸ¼ğŸ™ğŸ¼ğŸ™ğŸ¼ğŸ™ğŸ¼ğŸ™ğŸ¼ğŸ™ğŸ¼ğŸ™ğŸ¼ğŸ™ğŸ¼ğŸ™ğŸ¼ğŸ™ğŸ¼ğŸ™ğŸ¼ğŸ™ğŸ¼ğŸ™ğŸ¼ğŸ™ğŸ¼ğŸ™ğŸ¼ğŸ™ğŸ¼ğŸ™ğŸ¼very nice video sir ğŸ‘ğŸ‘ğŸ‘ğŸ™ğŸ¼ğŸ™ğŸ¼ğŸ™ğŸ¼ğŸ™ğŸ¼ğŸ™ğŸ¼ğŸ™ğŸ¼ğŸ™ğŸ¼ğŸ™ğŸ¼ğŸ™ğŸ¼ğŸ™ğŸ¼ğŸ™ğŸ¼ğŸ™ğŸ¼ğŸ™ğŸ¼ğŸ™ğŸ¼ğŸ™ğŸ¼ğŸ™ğŸ¼ğŸ™ğŸ¼ğŸ™ğŸ¼ğŸ™ğŸ¼ğŸ™ğŸ¼ğŸ™ğŸ¼ğŸ™ğŸ¼ğŸ™ğŸ¼ğŸ™ğŸ¼ğŸ™ğŸ¼ğŸ™ğŸ¼ğŸ™ğŸ¼ğŸ™ğŸ¼ğŸ™ğŸ¼ğŸ™ğŸ¼ğŸ™ğŸ¼ğŸ™ğŸ¼ğŸ™ğŸ¼ğŸ™ğŸ¼ğŸ™ğŸ¼ğŸ™ğŸ¼ğŸ™ğŸ¼ğŸ™ğŸ¼ğŸ™ğŸ¼ğŸ™ğŸ¼ğŸ™ğŸ¼ğŸ™ğŸ¼ğŸ™ğŸ¼ğŸ™ğŸ¼ğŸ™ğŸ¼ğŸ™ğŸ¼ğŸ™ğŸ¼ğŸ™ğŸ¼ğŸ™ğŸ¼ğŸ™ğŸ¼ğŸ™ğŸ¼ğŸ™ğŸ¼ğŸ™ğŸ¼ğŸ™ğŸ¼ğŸ™ğŸ¼ğŸ™ğŸ¼ğŸ™ğŸ¼ğŸ™ğŸ¼ğŸ™ğŸ¼ğŸ™ğŸ¼ğŸ™ğŸ¼ğŸ™ğŸ¼ğŸ™ğŸ¼ğŸ™ğŸ¼ğŸ™ğŸ¼ğŸ™ğŸ¼ğŸ™ğŸ¼ğŸ™ğŸ¼ğŸ™ğŸ¼ğŸ™ğŸ¼ğŸ™ğŸ¼ğŸ™ğŸ¼ğŸ™ğŸ¼ğŸ™ğŸ¼ğŸ™ğŸ¼ğŸ™ğŸ¼ğŸ™ğŸ¼ğŸ™ğŸ¼ğŸ™ğŸ¼ğŸ™ğŸ¼ğŸ™ğŸ¼ğŸ™ğŸ¼ğŸ™ğŸ¼ğŸ™ğŸ¼ğŸ™ğŸ¼ğŸ™ğŸ¼ğŸ™ğŸ¼ğŸ™ğŸ¼ğŸ™ğŸ¼ğŸ™ğŸ¼ğŸ™ğŸ¼ğŸ™ğŸ¼ğŸ™ğŸ¼ğŸ™ğŸ¼ğŸ™ğŸ¼ğŸ™ğŸ¼ğŸ™ğŸ¼ğŸ™ğŸ¼ğŸ™ğŸ¼ğŸ™ğŸ¼ğŸ™ğŸ¼ğŸ™ğŸ¼ğŸ™ğŸ¼ğŸ™ğŸ¼ğŸ™ğŸ¼ğŸ™ğŸ¼ğŸ™ğŸ¼ğŸ™ğŸ¼ğŸ™ğŸ¼ğŸ™ğŸ¼ğŸ™ğŸ¼ğŸ™ğŸ¼ğŸ™ğŸ¼ğŸ™ğŸ¼ğŸ§£ğŸ§£ğŸ™ğŸ¼ğŸ™ğŸ¼ğŸ™ğŸ¼ğŸ™ğŸ¼ğŸ™ğŸ¼ğŸ™ğŸ¼ğŸ™ğŸ¼ğŸ™ğŸ¼ğŸ™ğŸ¼ğŸ™ğŸ¼ğŸ™ğŸ¼ğŸ™ğŸ¼ğŸ™ğŸ¼ğŸ™ğŸ¼ğŸ™ğŸ¼ğŸ™ğŸ¼ğŸ™ğŸ¼ğŸ™ğŸ¼ğŸ™ğŸ¼ğŸ™ğŸ¼ğŸ™ğŸ¼ğŸ™ğŸ¼ğŸ™ğŸ¼ğŸ™ğŸ¼ğŸ™ğŸ¼ğŸ™ğŸ¼ğŸ™ğŸ¼ğŸ™ğŸ™ğŸ™ğŸ™ğŸ™ğŸ™ğŸ™ğŸ™ğŸ‘ğŸ‘ğŸ™ğŸ‘ğŸ™ğŸ¼ğŸ™ğŸ¼ğŸ™ğŸ¼ğŸ™ğŸ¼ğŸ™ğŸ¼ğŸ™ğŸ¼ğŸ™ğŸ¼ğŸ™ğŸ¼ğŸ™ğŸ¼ğŸ™ğŸ¼ğŸ™ğŸ¼ğŸ™ğŸ¼ğŸ™ğŸ¼ğŸ™ğŸ¼ğŸ™ğŸ¼ğŸ™ğŸ¼ğŸ™ğŸ¼ğŸ™ğŸ¼ğŸ™ğŸ¼ğŸ™ğŸ¼ğŸ™ğŸ¼ğŸ™ğŸ¼ğŸ™ğŸ¼ğŸ™ğŸ¼ğŸ™ğŸ¼ğŸ‘ŒğŸ™ğŸ¼ğŸ‘ŒğŸ‘ŒğŸ‘ŒğŸ‘ŒğŸ‘ŒğŸ‘ŒğŸ™ğŸ¼ğŸ™ğŸ¼ğŸ™ğŸ¼ğŸ™ğŸ¼ğŸ™ğŸ¼ğŸ™ğŸ¼ğŸ™ğŸ¼ğŸ™ğŸ¼ğŸ™ğŸ¼ğŸ™ğŸ¼ğŸ™ğŸ¼ğŸ™ğŸ¼ğŸ™ğŸ¼ğŸ™ğŸ¼ğŸ™ğŸ¼ğŸ™ğŸ¼ğŸ™ğŸ¼ğŸ™ğŸ¼ğŸ™ğŸ¼ğŸ™ğŸ¼ğŸ™ğŸ¼ğŸ™ğŸ¼ğŸ™ğŸ¼ğŸ™ğŸ¼ğŸ™ğŸ¼ğŸ™ğŸ¼ğŸ™ğŸ¼ğŸ™ğŸ¼ğŸ™ğŸ¼ğŸ™ğŸ¼ğŸ™ğŸ¼ğŸ™ğŸ¼ğŸ™ğŸ¼ğŸ™ğŸ¼ğŸ™ğŸ¼ğŸ™ğŸ¼ğŸ™ğŸ¼ğŸ™ğŸ¼ğŸ™ğŸ¼ğŸ™ğŸ¼ğŸ™ğŸ¼ğŸ™ğŸ¼ğŸ™ğŸ¼ğŸ™ğŸ¼ğŸ™ğŸ¼ğŸ™ğŸ¼ğŸ™ğŸ¼ğŸ™ğŸ¼ğŸ™ğŸ¼ğŸ™ğŸ¼ğŸ™ğŸ¼ğŸ™ğŸ¼ğŸ™ğŸ¼ğŸ™ğŸ¼ğŸ™ğŸ¼ğŸ™ğŸ¼ğŸ™ğŸ¼ğŸ™ğŸ¼ğŸ™ğŸ¼ğŸ™ğŸ¼ğŸ™ğŸ¼ğŸ™ğŸ¼ğŸ™ğŸ¼ğŸ™ğŸ¼ğŸ™ğŸ¼ğŸ™ğŸ¼ğŸ™ğŸ¼ğŸ™ğŸ¼ğŸ™ğŸ¼ğŸ™ğŸ¼ğŸ™ğŸ¼ğŸ™ğŸ¼ğŸ™ğŸ¼ğŸ™ğŸ¼ğŸ™ğŸ¼ğŸ™ğŸ¼ğŸ™ğŸ¼ğŸ™ğŸ¼ğŸ™ğŸ¼ğŸ™ğŸ¼ğŸ™ğŸ¼ğŸ™ğŸ¼ğŸ™ğŸ¼ğŸ™ğŸ¼ğŸ™ğŸ¼ğŸ™ğŸ¼ğŸ™ğŸ¼ğŸ™ğŸ¼ğŸ™ğŸ¼ğŸ™ğŸ¼ğŸ™ğŸ¼ğŸ™ğŸ¼ğŸ™ğŸ¼ğŸ™ğŸ¼ğŸ™ğŸ¼ğŸ™ğŸ¼ğŸ™ğŸ¼ğŸ™ğŸ¼ğŸ™ğŸ¼ğŸ™ğŸ¼ğŸ™ğŸ¼ğŸ™ğŸ¼ğŸ™ğŸ¼ğŸ™ğŸ¼ğŸ™ğŸ¼ğŸ™ğŸ¼ğŸ™ğŸ¼ğŸ™ğŸ¼ğŸ™ğŸ¼ğŸ™ğŸ¼ğŸ™ğŸ¼ğŸ™ğŸ¼ğŸ™ğŸ¼ğŸ™ğŸ¼ğŸ™ğŸ¼ğŸ™ğŸ¼ğŸ™ğŸ¼ğŸ™ğŸ¼ğŸ™ğŸ¼ğŸ™ğŸ¼ğŸ™ğŸ¼ğŸ™ğŸ¼ğŸ™ğŸ¼ğŸ™ğŸ¼ğŸš©ğŸ‡®ğŸ‡³
!,@,#,$,%,U,^,&,*,(,)
Thanks super mam and sir so much
!,@,#,$,%,U,^,&,*,(,)
Sir from u I got 97 %
!,@,#,$,%,U,^,&,*,(,)
Please help me sir
!,@,#,$,%,U,^,&,*,(,)
My financial condition is not very good but I want to do BCA to get a best job
!,@,#,$,%,U,^,&,*,(,)
Sir I am in 12 standard but due to covid whole classes of computer are close please help me in clearing my 12 exams white high %
!,@,#,$,%,U,^,&,*,(,)
Nice sir
!,@,#,$,%,U,^,&,*,(,)
sir ab ye video jb dale ho tb apke subscriber kitne thee
!,@,#,$,%,U,^,&,*,(,)
Amazing explanation...I find a computer teacher on YouTube and now I find you...and the way of your explaination is very nice sir ... your sound is so sweet
!,@,#,$,%,U,^,&,*,(,)
Tq sir
!,@,#,$,%,U,^,&,*,(,)
I really like your teaching techniques and your video are really help for  me in lockdown to praper my syllabus
!,@,#,$,%,U,^,&,*,(,)
Sir is this for BCA??
!,@,#,$,%,U,^,&,*,(,)
Sir your are awesome
!,@,#,$,%,U,^,&,*,(,)
Reaally good
!,@,#,$,%,U,^,&,*,(,)
nice
!,@,#,$,%,U,^,&,*,(,)
Hats off sir ğŸ™Œ
!,@,#,$,%,U,^,&,*,(,)
Very bad
!,@,#,$,%,U,^,&,*,(,)
https://www.youtube.com/c/ThinkITLearnIT/
!,@,#,$,%,U,^,&,*,(,)
Seriously totally concept clear ho rh h
!,@,#,$,%,U,^,&,*,(,)
Can someone tell me whether I should watch this playlist or Knowledge gate's? I am a beginner trying to do placement prep quickly.
!,@,#,$,%,U,^,&,*,(,)
Very clear and Excellent explanation...Thank you so much sir
!,@,#,$,%,U,^,&,*,(,)
Sir your voice is as like as child. Although you explained very nicely. Keep going! keep going! keep going! ğŸ˜ğŸ˜‰ğŸ˜šğŸ¤©ğŸ˜„ Love you from bihar. I hope that your attempts and hard work may bear fruits!!!!!!!!!ğŸ’©
!,@,#,$,%,U,^,&,*,(,)
"If possible plz visit my Channel and give your valuable Comments, like, SUBSCRIBE  and Share..
https://youtu.be/-RPJ2KAsEBE
https://youtu.be/IO44ja__NlM
https://youtu.be/Vb2yQDugABw"
!,@,#,$,%,U,^,&,*,(,)
Sir pls provide us lecture materials at the description... It will help us access the knowledge later..... It will be really very helpful...
!,@,#,$,%,U,^,&,*,(,)
What is convenience
!,@,#,$,%,U,^,&,*,(,)
bhai video beganners ka liya bahiya
!,@,#,$,%,U,^,&,*,(,)
Really awesome sir..you are great teacher..hats off ğŸ™ğŸ»ğŸ™ğŸ»
!,@,#,$,%,U,^,&,*,(,)
Sir I subscribed your channel plz subscribe me
!,@,#,$,%,U,^,&,*,(,)
"Sir jb  .c file ,  .obj file me convert hoti h to wo b os hi manage krta h kya ?"
!,@,#,$,%,U,^,&,*,(,)
I am your new subscriber
!,@,#,$,%,U,^,&,*,(,)
"Mind-blowing sir. 
Aapke samjhne ka tareka bahot acha haii"
!,@,#,$,%,U,^,&,*,(,)
Can anyone Suggest me best Easy and high demanding computer courses â¤ï¸â¤ï¸â¤ï¸â¤ï¸â¤ï¸â¤ï¸
!,@,#,$,%,U,^,&,*,(,)
Plz help me complete 1k
!,@,#,$,%,U,^,&,*,(,)
Thank you sir
!,@,#,$,%,U,^,&,*,(,)
"Sir your voice very clear 
And thanks sir"
!,@,#,$,%,U,^,&,*,(,)
You don't explain me more clearğŸ˜­ğŸ˜­
!,@,#,$,%,U,^,&,*,(,)
Thank you so much sir ..... great explanation.....
!,@,#,$,%,U,^,&,*,(,)
"Earlier apple named its operating system as ""OS X"" but changed it to ""macOS"" in 2016"
!,@,#,$,%,U,^,&,*,(,)
Kya subscribe kare theek video Teri aur video to mujhe pagal banaa degi
!,@,#,$,%,U,^,&,*,(,)
Padhana to nahi ata apko Mazak kar raha hu I have subscribedğŸ˜…ğŸ˜…
!,@,#,$,%,U,^,&,*,(,)
sir thanks alot off
!,@,#,$,%,U,^,&,*,(,)
Very good explantion
!,@,#,$,%,U,^,&,*,(,)
Thanks so mach sir
!,@,#,$,%,U,^,&,*,(,)
Really good explained sir....... thank you ğŸ˜Š sir
!,@,#,$,%,U,^,&,*,(,)
Bhai neind aagayeee dekhte dekhte....but nice explained
!,@,#,$,%,U,^,&,*,(,)
Mujhse kuchh nhi smjh aaya
!,@,#,$,%,U,^,&,*,(,)
Excellent
!,@,#,$,%,U,^,&,*,(,)
Thank u sir.nicely explained
!,@,#,$,%,U,^,&,*,(,)
helpful.. thanq so much sir for sharing ur precious knowledge with us ğŸ™ğŸ˜Š..
!,@,#,$,%,U,^,&,*,(,)
I don't understand
!,@,#,$,%,U,^,&,*,(,)
ğ“±ğ“®ğ“µğ“¹ğ“¯ğ“¾ğ“µğ“µ ğŸ¤˜ğŸ‘ŒğŸ‘Œ
!,@,#,$,%,U,^,&,*,(,)
Good
!,@,#,$,%,U,^,&,*,(,)
Great explanation thank u to explain such like this
!,@,#,$,%,U,^,&,*,(,)
Great explanation thank u to explain such like this
!,@,#,$,%,U,^,&,*,(,)
Thanks sir for giving this video
!,@,#,$,%,U,^,&,*,(,)
very good explanation really...thankyou so much sir ğŸ˜‡
!,@,#,$,%,U,^,&,*,(,)
"most liked video & Teacher in YouTube by me and others who saw the video of yours
Thnxs sir for giving best explanation of computerğŸ‘ŒğŸ‘ŒğŸ‘ŒğŸ‘ŒğŸ‘ŒğŸ‘ŒğŸ‘ŒğŸ‘ŒğŸ‘‘ğŸ‘‘ğŸ‘‘ğŸ‘‘ğŸ‘‘ğŸ‘‘
This crown should be given to you
One more time thank you sir"
!,@,#,$,%,U,^,&,*,(,)
This sir because of your explanation i got 98/100
!,@,#,$,%,U,^,&,*,(,)
"Operating system is a application software ğŸ˜‚ğŸ˜‚
...pheli line hi galt"
!,@,#,$,%,U,^,&,*,(,)
How to observe operating system
!,@,#,$,%,U,^,&,*,(,)
Ur videos really helped me at lot
!,@,#,$,%,U,^,&,*,(,)
Well done sir
!,@,#,$,%,U,^,&,*,(,)
"I Watch your videos at 2x or 1.75x..in the normal speed it feels tooo slow...and at 0.25x its sounds so funny lmao.
Jokes apart...tysm for the lects.Helped alott!"
!,@,#,$,%,U,^,&,*,(,)
Love u sir u r awsm
!,@,#,$,%,U,^,&,*,(,)
Shubham kumar from chhapra bihar
!,@,#,$,%,U,^,&,*,(,)
"It's not naughtyfication,, it's notifications"
!,@,#,$,%,U,^,&,*,(,)
"Good work sir ğŸ‘
I am in BCA 3rd sem 
Please Tell me  how to make notes for exam ?ğŸ™‚ğŸ™‚ğŸ‘ğŸ‘"
!,@,#,$,%,U,^,&,*,(,)
Bachelor of corporate secretaryship
!,@,#,$,%,U,^,&,*,(,)
Sir kya Ap BCS ka class lete ho
!,@,#,$,%,U,^,&,*,(,)
Thank you sar
!,@,#,$,%,U,^,&,*,(,)
"Sir ..hmare rajasthan me computer teacher vacancies aane wali h.
Plzz aap language v krva do .
C c++and java.... sir thnqq so muchh.."
!,@,#,$,%,U,^,&,*,(,)
Sir please chapter 5 or 6 ka video bnao
!,@,#,$,%,U,^,&,*,(,)
Thanks sir ğŸ˜­ğŸ˜­ğŸ˜­ğŸ˜­ğŸ˜­
!,@,#,$,%,U,^,&,*,(,)
I only SUBSCRIBE ur channel because of great and influencing content...really ur teaching style is amazing...ğŸ‘ğŸ‘ğŸ‘keep it ...
!,@,#,$,%,U,^,&,*,(,)
You are superb Sir I want teacher like you
!,@,#,$,%,U,^,&,*,(,)
"@Gate Smashers, is there any email id I can ask you some questions?"
!,@,#,$,%,U,^,&,*,(,)
Plz sir reply as soon as possible
!,@,#,$,%,U,^,&,*,(,)
"Hello sir,  Me gujrat technical university me diploma kar raha hu compouter .eng  me iss locldown ki vajese online classis me teachers jo padhate he vo samaj me nahi ata to kya aap kuch asa kr sakate ho jo com . Eng diploma wale student ko aasani ho study me"
!,@,#,$,%,U,^,&,*,(,)
Abi nhi Ha Happy teachers day ğŸ˜ŠğŸ˜ŠğŸ˜ŠğŸ˜·ğŸ˜·ğŸ˜ƒğŸ˜ƒğŸ˜„ğŸ˜„
!,@,#,$,%,U,^,&,*,(,)
Very nice video
!,@,#,$,%,U,^,&,*,(,)
What re prerequisites requires to study and understand operating system ?
!,@,#,$,%,U,^,&,*,(,)
Sir aap mere liye bahut hi best teacher h
!,@,#,$,%,U,^,&,*,(,)
Sir aap bahut hi achha pdate h really nice video sir ğŸ‘Œ ğŸ‘ŒğŸ‘ŒğŸ‘ŒğŸ‘ŒğŸ™ğŸ™ğŸ™ğŸ™ğŸ™ğŸ™
!,@,#,$,%,U,^,&,*,(,)
Class 111 hai mare hai class 111 ok uncle 111 hai class ok uncle
!,@,#,$,%,U,^,&,*,(,)
Very nicely explained sir
!,@,#,$,%,U,^,&,*,(,)
Very beautifully and in a layman language you have elaborated this ğŸ˜ŠğŸ‘ğŸ¼
!,@,#,$,%,U,^,&,*,(,)
Very nice series sirğŸ™ pl include more and more PYQ of NET &GATEğŸ™
!,@,#,$,%,U,^,&,*,(,)
Out of many video lectures this was the most fantastic one . Keep up the GOOD WORK SIR
!,@,#,$,%,U,^,&,*,(,)
excellent teaching.
!,@,#,$,%,U,^,&,*,(,)
Sir how to get rid of  stucking at  50 percent on disk checking file system on G .â˜¹ï¸ğŸ––ğŸ™ğŸ™ğŸ™ğŸ™ğŸ™ Plz
!,@,#,$,%,U,^,&,*,(,)
Love â™¥ï¸â™¥ï¸ from Indian sister ğŸ‡®ğŸ‡³ğŸ‡®ğŸ‡³ respected sir...ğŸ™ğŸ™
!,@,#,$,%,U,^,&,*,(,)
ğŸ‘ğŸ‘ wonderful explained ğŸ‘ğŸ‘
!,@,#,$,%,U,^,&,*,(,)
Best explanation ğŸ‘ŒğŸ‘ŒğŸ‘ŒğŸ‘ŒğŸ‘ğŸ‘ğŸ‘ğŸ‘ğŸ˜ŠğŸ˜ŠğŸ˜ŠğŸ˜Š
!,@,#,$,%,U,^,&,*,(,)
Happy Teachers day â¤ï¸
!,@,#,$,%,U,^,&,*,(,)
U can actuall improove ur tching by using ppt (just an idea )ğŸ‘ğŸ‘ğŸ‘ğŸ‘ğŸ‘ğŸ‘ğŸ‘ğŸ‘ğŸ‘ğŸ‘
!,@,#,$,%,U,^,&,*,(,)
BHAI ACCHA NAHI SAMAJH NAHI AA RAHA
!,@,#,$,%,U,^,&,*,(,)
"Sir, u am slightly confused regarding the assertion u made about what will happen ...if we want to directly access the hardware without using the Operating System...You said that in such a case we have to write a program for smaller to higher functionality...But my question is that there were times when we had Ms DOS as our OS and then also we had to give commands using interactive she'll like Command prompt....So facts stated by you are that of GUI...not of operating a system without an OS ....."
!,@,#,$,%,U,^,&,*,(,)
Tarun
!,@,#,$,%,U,^,&,*,(,)
Very useful video sir
!,@,#,$,%,U,^,&,*,(,)
Sir you're a brilliant.
!,@,#,$,%,U,^,&,*,(,)
Sir my English is weak please talk to hindi in your class
!,@,#,$,%,U,^,&,*,(,)
https://media.tenor.com/images/dead135ff8ee519a9d26939065c2f38f/tenor.gif
!,@,#,$,%,U,^,&,*,(,)
Best video in the world ğŸ˜„ğŸ˜‡ğŸ˜‡https://media.tenor.com/images/474fefc370294bfbc927578cf4fe6e66/tenor.gifâ˜ºâ˜º
!,@,#,$,%,U,^,&,*,(,)
Amazing content thank you soo much lots  of love....
!,@,#,$,%,U,^,&,*,(,)
"Pls make video on type of printers,tomorrow is my examâ•°(*Â°â–½Â°*)â•¯"
!,@,#,$,%,U,^,&,*,(,)
Thankyou to you ğŸ’
!,@,#,$,%,U,^,&,*,(,)
Sir  you are the best teacher os sir plese can you please explain the Desktop screan
!,@,#,$,%,U,^,&,*,(,)
"https://youtu.be/0eKR3VwwurI

Sir promote my channel kindly working try hard if u feel it's good then promote dicision is our?"
!,@,#,$,%,U,^,&,*,(,)
"Niceee sir..ğŸ™‚
Thank you so much sir..ğŸ¤—ğŸ¤—"
!,@,#,$,%,U,^,&,*,(,)
#OP TEACHING.....
!,@,#,$,%,U,^,&,*,(,)
Sir can you please provide well structured notes for it.
!,@,#,$,%,U,^,&,*,(,)
Nice sirğŸ‘
!,@,#,$,%,U,^,&,*,(,)
"Good video sir 
But not explain very well"
!,@,#,$,%,U,^,&,*,(,)
Sir sahi hai pura hindi main hi padha diya
!,@,#,$,%,U,^,&,*,(,)
Is this a complete operating system playlist for gate preparation
!,@,#,$,%,U,^,&,*,(,)
M to share and subscribe and like sb karti hu ğŸ˜ğŸ˜u r great sir
!,@,#,$,%,U,^,&,*,(,)
Excellent explanation ğŸ‘ğŸ‘thank you sir
!,@,#,$,%,U,^,&,*,(,)
sir please provide notes pdf
!,@,#,$,%,U,^,&,*,(,)
Thank you
!,@,#,$,%,U,^,&,*,(,)
Thankyou so much sir for teaching  so nicely i learnt very nicely and thankyou for your guidness
!,@,#,$,%,U,^,&,*,(,)
Very nice
!,@,#,$,%,U,^,&,*,(,)
"Sir; Operating system pe ak video banao ki... operating system kaise banayi jati h ..step by step... With images explanations.. Kon se programming language se start krna h.... Kon kon se programming language pr specific Dena h. Kya study krna h.  Kya knowledge hona Chahiye. Zero to build a operating system. A To Z 
Please....................."
!,@,#,$,%,U,^,&,*,(,)
Just remove the motherfucking ads from these videos. Please
!,@,#,$,%,U,^,&,*,(,)
Thanku sir for this guidelines
!,@,#,$,%,U,^,&,*,(,)
Thnku sir
!,@,#,$,%,U,^,&,*,(,)
Congrulation on 300k sir
!,@,#,$,%,U,^,&,*,(,)
Now all study channel getting views and subscriber after covid 19 ğŸ¤£ğŸ¤£
!,@,#,$,%,U,^,&,*,(,)
Very well and nice
!,@,#,$,%,U,^,&,*,(,)
"After one hour their is my exam.
And l am watching this video.
Thank you sir, for giving this nice video ğŸ™ğŸ™ğŸ™ğŸ™"
!,@,#,$,%,U,^,&,*,(,)
â“¢â“â“‘â“˜â“¡â“‘â“â“¢â“¢
!,@,#,$,%,U,^,&,*,(,)
â“¢â“â“‘â“˜â“¡â“‘â“â“¢â“¢
!,@,#,$,%,U,^,&,*,(,)
â“¢â“â“‘â“˜â“¡â“‘â“â“¢â“¢
!,@,#,$,%,U,^,&,*,(,)
â“¢â“â“‘â“˜â“¡â“‘â“â“¢â“¢
!,@,#,$,%,U,^,&,*,(,)
â“¢â“â“‘â“˜â“¡â“‘â“â“¢â“¢
!,@,#,$,%,U,^,&,*,(,)
â“¢â“â“‘â“˜â“¡â“‘â“â“¢â“¢
!,@,#,$,%,U,^,&,*,(,)
à¼„á¶¦á¶°áµˆá­„âœ¿sabirà¿
!,@,#,$,%,U,^,&,*,(,)
â“¢â“â“‘â“˜â“¡â“‘â“â“¢â“¢
!,@,#,$,%,U,^,&,*,(,)
"Hi i came here again to thankyou in this pandemic where all universities are closed here in pakistan for four months i was unable to study anything but finaly i found your channel, today i have done my paper of Advance Operating System very well just because of you , here i am going to search some topics for ACA again for next paper thank you brother keep educating folks"
!,@,#,$,%,U,^,&,*,(,)
Padana nahi aata
!,@,#,$,%,U,^,&,*,(,)
Thank you sir my exam is coming and my first exam is computer and it helps me to study
!,@,#,$,%,U,^,&,*,(,)
Sir you are a great teacher....
!,@,#,$,%,U,^,&,*,(,)
GOOD VIDEO...
!,@,#,$,%,U,^,&,*,(,)
Benchod time bahut waste kar ta hai ye
!,@,#,$,%,U,^,&,*,(,)
Sir u are awesome!!understood this concept clearly thank u
!,@,#,$,%,U,^,&,*,(,)
Teaching method ğŸ‘
!,@,#,$,%,U,^,&,*,(,)
I need money if u feel fake then please abuse if u can afford such small amount then please donate Rs(1-5) ğŸ™ to pay EMIs
!,@,#,$,%,U,^,&,*,(,)
Sir u have taught this concept clearly.
!,@,#,$,%,U,^,&,*,(,)
Thank you very much sir.
!,@,#,$,%,U,^,&,*,(,)
"https://youtu.be/ZOa0dPLZgPM
subscribe chanel pleas"
!,@,#,$,%,U,^,&,*,(,)
Excellent sir love from ğŸ‡µğŸ‡°
!,@,#,$,%,U,^,&,*,(,)
superb
!,@,#,$,%,U,^,&,*,(,)
Nice sir ğŸ‘
!,@,#,$,%,U,^,&,*,(,)
"Very useful video,thx and your explanation style is very good ."
!,@,#,$,%,U,^,&,*,(,)
#AkshajPranav
!,@,#,$,%,U,^,&,*,(,)
Pagal ho kon kara ga like
!,@,#,$,%,U,^,&,*,(,)
Mst sir
!,@,#,$,%,U,^,&,*,(,)
Tq sir..you are great teacher..
!,@,#,$,%,U,^,&,*,(,)
Why used operating system
!,@,#,$,%,U,^,&,*,(,)
Taks
!,@,#,$,%,U,^,&,*,(,)
Superb ğŸ‘ŒğŸ‘ŒğŸ‘ŒğŸ‘Œ
!,@,#,$,%,U,^,&,*,(,)
Watching you from Bangladesh. Your explanation is simple and well structured. Though for language problems few things are unclear. Thank you for your hard work.
!,@,#,$,%,U,^,&,*,(,)
"Thank You
clear"
!,@,#,$,%,U,^,&,*,(,)
Ho
!,@,#,$,%,U,^,&,*,(,)
Nic vedio
!,@,#,$,%,U,^,&,*,(,)
dev pathak
!,@,#,$,%,U,^,&,*,(,)
Wow
!,@,#,$,%,U,^,&,*,(,)
"Thank You For Sharing This Video With UsğŸ˜Š
This Video Became Very Helpful For My DaughterğŸ˜Š"
!,@,#,$,%,U,^,&,*,(,)
"In multiprogramming and time-sharing
environment, several users share the system simultaneously, this situation can
result in various security problemsÂ Â Â  


(a)Â  What are two such
problems


(b) Can we ensure the
same degree of security in a time-shared machine as we have in dedicated
machine? Explain your answer."
!,@,#,$,%,U,^,&,*,(,)
Please make an easiest video on batch operating system
!,@,#,$,%,U,^,&,*,(,)
https://growninfo.blogspot.com/2020/07/types-of-operating-system.html
!,@,#,$,%,U,^,&,*,(,)
very nicely explained
!,@,#,$,%,U,^,&,*,(,)
thanks a lot sir
!,@,#,$,%,U,^,&,*,(,)
Are u from punjab sir???
!,@,#,$,%,U,^,&,*,(,)
Thank you sir
!,@,#,$,%,U,^,&,*,(,)
"Bekar hai yaar issai acha toh aryan Shukla and atrey Shukla bhai padhati tai hai
Go and subscribe their channel and follow them on insta
atrey.Shukla
Aryan.shukla"
!,@,#,$,%,U,^,&,*,(,)
Thankuuu so much sirrğŸ™ğŸ™ğŸ™ğŸ™ğŸ™ğŸ™ğŸ™aj mera result aaya hh os kaa orr mere bhutt ache no. Ayeee hhh apkaa hrr topic bhutt ache sa pda tha mainee again thankuu so muchh sirğŸ˜‡ğŸ˜‡ğŸ˜‡ğŸ˜‡ğŸ˜‡ğŸ˜‡ğŸ˜‡
!,@,#,$,%,U,^,&,*,(,)
best method of teaching sir.ğŸ‘
!,@,#,$,%,U,^,&,*,(,)
server users ko HARDWARE kaise provide karta hain...samajh nahi aya (8:40)
!,@,#,$,%,U,^,&,*,(,)
Great video. Thanks ğŸ‘ğŸ»
!,@,#,$,%,U,^,&,*,(,)
nice
!,@,#,$,%,U,^,&,*,(,)
Thanks sir .You are great  teacher sir .thanku so much sir.
!,@,#,$,%,U,^,&,*,(,)
Hello Mr. You are very good teacher
!,@,#,$,%,U,^,&,*,(,)
Anwar Ul haq
!,@,#,$,%,U,^,&,*,(,)
thank u sir
!,@,#,$,%,U,^,&,*,(,)
Kaya kar raho
!,@,#,$,%,U,^,&,*,(,)
Hiii
!,@,#,$,%,U,^,&,*,(,)
Sir plz make more videos for dsssb exam
!,@,#,$,%,U,^,&,*,(,)
"I have a problem in my computer 
- i have Windows 7 in c drive but system is booting from d drive. Everyone I restart startup repair appears."
!,@,#,$,%,U,^,&,*,(,)
Sir my teacher say that rom permanant memory
!,@,#,$,%,U,^,&,*,(,)
where is gui and cui
!,@,#,$,%,U,^,&,*,(,)
gui and cui were  the difference
!,@,#,$,%,U,^,&,*,(,)
"Actually I don't understand Hindi properly, but I understood your explanation about os, of course with little difficulty bcoz of language"
!,@,#,$,%,U,^,&,*,(,)
Great elaboration.....
!,@,#,$,%,U,^,&,*,(,)
Plz sir whatsApp number send karo
!,@,#,$,%,U,^,&,*,(,)
Thanks
!,@,#,$,%,U,^,&,*,(,)
"Bhaiya class 8th ke liye bhi video banao
Aap agar samjhao ge to pakka Good Mark's ayega"
!,@,#,$,%,U,^,&,*,(,)
Can you please tell in English
!,@,#,$,%,U,^,&,*,(,)
Thanks for this video sir
!,@,#,$,%,U,^,&,*,(,)
"Sir You are very good teacher, ,,, admired on your teaching , Respect from south indian tamilianadu"
!,@,#,$,%,U,^,&,*,(,)
sir plz uplOAD a video regading installation of os
!,@,#,$,%,U,^,&,*,(,)
Nice explained
!,@,#,$,%,U,^,&,*,(,)
The way you teach is amazing....â¤ï¸keep up with great work
!,@,#,$,%,U,^,&,*,(,)
do u have any notes of ur lectures it would be easy to follow your teaching as the lecturer is u and and the notes are from u. thank  u.
!,@,#,$,%,U,^,&,*,(,)
Sir is it helpful for Lic AAO??
!,@,#,$,%,U,^,&,*,(,)
I want pdf notes of this topic plz provide link
!,@,#,$,%,U,^,&,*,(,)
Please don't request for Subscription. Everybody is gonna subscribe by their own as of the content you provide here
!,@,#,$,%,U,^,&,*,(,)
"Hi Sir, I wanted to watch full playlist of OS, but they are not arranged in serial manner, can you please do so as Networking videos are done?"
!,@,#,$,%,U,^,&,*,(,)
Thanks
!,@,#,$,%,U,^,&,*,(,)
Yftcdtd c a excited xdà¤¢à¥€à¤—à¤› à¤ à¤¦à¤£à¤¹à¥à¤¡ à¤¸à¥€ à¤¯à¤¹ à¤›à¤¡à¤¼ à¥¬_*à¥«â‚¹ à¤¹à¥‡ à¤¸à¥‚à¤¤à¥‚à¤˜ à¤¸à¥‡à¤¬à¥‡à¤¸à¥à¤Ÿà¤¿à¤¯à¤¨ à¤à¤¸à¥‡à¤¹à¥
!,@,#,$,%,U,^,&,*,(,)
Nice
!,@,#,$,%,U,^,&,*,(,)
Thanku sir
!,@,#,$,%,U,^,&,*,(,)
"Sir excellent way of explanation , but it's good if you are using as English language"
!,@,#,$,%,U,^,&,*,(,)
Nice videos sir....Nice detailing in subject ...Sir Is there any written material of your video lectures are available??
!,@,#,$,%,U,^,&,*,(,)
Sir mujhe koi computer basics ki book refer karona jisme computer ke sare basics clear ho jayye aur networking ki bhi
!,@,#,$,%,U,^,&,*,(,)
https://www.youtube.com/watch?v=YZ3aMEpJUFU
!,@,#,$,%,U,^,&,*,(,)
u explained in very simple and crisp manner. Thanks
!,@,#,$,%,U,^,&,*,(,)
Very nicely explained ğŸ‘ğŸ»ğŸ‘ğŸ»ğŸ‘ğŸ»ğŸ‘ğŸ»
!,@,#,$,%,U,^,&,*,(,)
sir kya ye main dsssb tgt k liye b kr sakti hu?
!,@,#,$,%,U,^,&,*,(,)
"I understand this sir even i had never teach computer anywhere, just want to learn basic computer like DCA"
!,@,#,$,%,U,^,&,*,(,)
Sir ji samajh nahi aaya.
!,@,#,$,%,U,^,&,*,(,)
Best
!,@,#,$,%,U,^,&,*,(,)
sir please share the link of lectures where you covered the Functionalities of OS Plz sir
!,@,#,$,%,U,^,&,*,(,)
Mental ensansurda
!,@,#,$,%,U,^,&,*,(,)
"Teaching style is very good and easily understandable. Thanks Bro, Love from Pakistan."
!,@,#,$,%,U,^,&,*,(,)
"You are genius sir, smartly n easily defined. Thanks for each n every video you delievered.  Love you sir."
!,@,#,$,%,U,^,&,*,(,)
Why every videos starting with english mixing with hindi please speak in english l dont know hindi
!,@,#,$,%,U,^,&,*,(,)
Nice Explanation. Thank you sir
!,@,#,$,%,U,^,&,*,(,)
nice
!,@,#,$,%,U,^,&,*,(,)
Amazing
!,@,#,$,%,U,^,&,*,(,)
Thanks
!,@,#,$,%,U,^,&,*,(,)
zero hate
!,@,#,$,%,U,^,&,*,(,)
Amazing
!,@,#,$,%,U,^,&,*,(,)
This is the best playlist of OS available on youtube ğŸ˜
!,@,#,$,%,U,^,&,*,(,)
U hi gd nt designed thorn full profile store fix S total isopropyl helix
!,@,#,$,%,U,^,&,*,(,)
sir you teach very well but sir please try to series cha of class9
!,@,#,$,%,U,^,&,*,(,)
Thax sirğŸ‘ŒğŸ‘ŒğŸ‘ŒğŸ‘Œ
!,@,#,$,%,U,^,&,*,(,)
Sir....kya aap multimedia & animation ki video nhi dale hai kya....
!,@,#,$,%,U,^,&,*,(,)
"beginners please check my channel
https://www.youtube.com/user/AtharDhamtari/"
!,@,#,$,%,U,^,&,*,(,)
I'm 8th standard student
!,@,#,$,%,U,^,&,*,(,)
"Thanks for the video.
You explain it in a very clear and easy manner. Keep it up sirğŸ‘ğŸ‘Œ"
!,@,#,$,%,U,^,&,*,(,)
ğŸ˜ğŸ¥°ğŸ¥°
!,@,#,$,%,U,^,&,*,(,)
I do appreciate your efforts sir... lovin your padagogy
!,@,#,$,%,U,^,&,*,(,)
Can you Provide the order in which theses topics can be prepared or these videos can be watched?
!,@,#,$,%,U,^,&,*,(,)
Please make video on one pass Assembler...
!,@,#,$,%,U,^,&,*,(,)
I always see your videos
!,@,#,$,%,U,^,&,*,(,)
Amazing
!,@,#,$,%,U,^,&,*,(,)
Sir you are soo ğŸ’•ğŸ˜
!,@,#,$,%,U,^,&,*,(,)
Boht acchi video hai bhaiya apki ğŸ˜Š
!,@,#,$,%,U,^,&,*,(,)
"Thank u soo much,Jo mujhe aaj tak samaj Nahi aata tha. Aaj Woh samaj Aaya aap ki wajah se ğŸ‘ğŸ‘ğŸ‘"
!,@,#,$,%,U,^,&,*,(,)
GREAT Explain brother ğŸ‘ŒğŸ‘Œ
!,@,#,$,%,U,^,&,*,(,)
"Thank you for sharing knowledge.
Do me one favor . describe RAM concept as application level.
Thank you"
!,@,#,$,%,U,^,&,*,(,)
It's really useful
!,@,#,$,%,U,^,&,*,(,)
Hello sir i m starting with 0 and i m  preparing DSSSB tgt computer science these video is sufficient for this exam plzzz rly sir
!,@,#,$,%,U,^,&,*,(,)
Sir computer assemble karneka bad kya installed karna parta he or kayse please sir Ripley
!,@,#,$,%,U,^,&,*,(,)
Process kya hota hai sir?
!,@,#,$,%,U,^,&,*,(,)
Thanks sir
!,@,#,$,%,U,^,&,*,(,)
"very nice video.....
fabolous...."
!,@,#,$,%,U,^,&,*,(,)
Fabulous video..thank you sir
!,@,#,$,%,U,^,&,*,(,)
english :3
!,@,#,$,%,U,^,&,*,(,)
"Very good teaching ,it's helpful to me very much.."
!,@,#,$,%,U,^,&,*,(,)
"Excellent explanation.. 
Can i refer all these os videos for NIELIT/NIC exam?"
!,@,#,$,%,U,^,&,*,(,)
"Awesome Explanation Sir, Earlier I was confused with System call and throughput concept. Now everything is cleared and stored in Permanent memory.
Big Thanks To You, God Bless You ğŸ™"
!,@,#,$,%,U,^,&,*,(,)
Thanks sir
!,@,#,$,%,U,^,&,*,(,)
Thank u for this awesome  class  bhai.
!,@,#,$,%,U,^,&,*,(,)
Of only your videos were in englishğŸ˜¢ğŸ˜¢
!,@,#,$,%,U,^,&,*,(,)
i want an english translation of this...
!,@,#,$,%,U,^,&,*,(,)
OS of mac is macos not macintosh
!,@,#,$,%,U,^,&,*,(,)
Awesome explanation sir. It is really one of the best videos on Youtube
!,@,#,$,%,U,^,&,*,(,)
Sir dsssb pgt k liye har topic se related imp question's b kara do plzzz
!,@,#,$,%,U,^,&,*,(,)
"nice  ğŸ‘‡ğŸ‘‡ğŸ‘‡ğŸ‘‡ğŸ‘‡ğŸ‘‡ check dis 
variable in c# :  #ArunGuruJivariableâ€‹â€‹
function in in c#:  #ArunGuruJifunction
Basic Structure in cin c#:  #ArunGuruJiBasicstructure
Multiple main metho in c# :  #ArunGuruJimainmethod
cctv: #ArunGuruJi #cctv
mobile hack: #ArunGuruJimobile"
!,@,#,$,%,U,^,&,*,(,)
"Thank you sir hindi m jankari k liye 


Thank you so much ğŸ’"
!,@,#,$,%,U,^,&,*,(,)
"sir, I need NTA NET computer science material"
!,@,#,$,%,U,^,&,*,(,)
Please follow
!,@,#,$,%,U,^,&,*,(,)
Please can you follow the syllabus of ALPHA computer book for class 8 PLEASE
!,@,#,$,%,U,^,&,*,(,)
Thanks ğŸ˜Š
!,@,#,$,%,U,^,&,*,(,)
sir i m housewife n i m studying dis subject after 8years .i m preparing for kvs pgt.coincidently i opened d video n it is very much helpful n very nice explanation...thank u so much sir...n plz if possible make videos on c language also
!,@,#,$,%,U,^,&,*,(,)
Os operating system ? Why all details
!,@,#,$,%,U,^,&,*,(,)
Good bhai bht acha define kia ğŸ‘
!,@,#,$,%,U,^,&,*,(,)
"Watch complete Operating System Concepts Lecture Series Hindi/Urdu for FREE!!! ğŸ˜ŠğŸ˜ƒğŸ˜Š
PlayList URL: https://www.youtube.com/playlist?list=PL2vNr2DA4kfo_Kj6B4EAIYAbXvbTwrHqK"
!,@,#,$,%,U,^,&,*,(,)
"Hi sir,
Which book to prefer for preparing for NET"
!,@,#,$,%,U,^,&,*,(,)
To whom i call father of teaching.
!,@,#,$,%,U,^,&,*,(,)
Bai ict pr video nahi hi plz is kily koch kare
!,@,#,$,%,U,^,&,*,(,)
very usefull topic sir thank you.
!,@,#,$,%,U,^,&,*,(,)
Mera exam aane Wala hai aur ham bahut kam hi tayari kiye hai to kya kare abhi
!,@,#,$,%,U,^,&,*,(,)
Nc sir crsho
!,@,#,$,%,U,^,&,*,(,)
Sir what are the  mejor requirement of operating system
!,@,#,$,%,U,^,&,*,(,)
"Sir, please upload a vidio on operating system architecture"
!,@,#,$,%,U,^,&,*,(,)
Thank you sir
!,@,#,$,%,U,^,&,*,(,)
Do u provide notes of your lectures?
!,@,#,$,%,U,^,&,*,(,)
Download this app Operating System: https://play.google.com/store/apps/details?id=info.ytc.os
!,@,#,$,%,U,^,&,*,(,)
Good
!,@,#,$,%,U,^,&,*,(,)
Sir os is the only software??
!,@,#,$,%,U,^,&,*,(,)
very well !!.... easy to understand ... every point is clear now
!,@,#,$,%,U,^,&,*,(,)
Love from Bhopal sirğŸ˜˜ğŸ˜˜ğŸ˜˜ğŸ˜˜ nice video
!,@,#,$,%,U,^,&,*,(,)
Thanks sir
!,@,#,$,%,U,^,&,*,(,)
Love you sir
!,@,#,$,%,U,^,&,*,(,)
sir method of teaching is very pleasure... .... ğŸŒ¹
!,@,#,$,%,U,^,&,*,(,)
I really need a teacher like u because I learn English language with Hindi substitute. Thank u so much sir
!,@,#,$,%,U,^,&,*,(,)
Good after sir nyc video sir
!,@,#,$,%,U,^,&,*,(,)
Great
!,@,#,$,%,U,^,&,*,(,)
"O/S and DBMS to mil gya but DCO kahi nahin mil rha hğŸ˜“ sir plz video upload kijiye.
Wow your explanation is really great thanks sir ğŸ˜Š"
!,@,#,$,%,U,^,&,*,(,)
Where From You Sir? Really Awesome way of Teaching. Love you Brother. God Bless You.
!,@,#,$,%,U,^,&,*,(,)
sir would you explain clock synchronization module please :)
!,@,#,$,%,U,^,&,*,(,)
"one of best explanation.

in which college you teach?"
!,@,#,$,%,U,^,&,*,(,)
Hi sir! Notes available hain OS ke?
!,@,#,$,%,U,^,&,*,(,)
Superb bro...thinks for making vedio......
!,@,#,$,%,U,^,&,*,(,)
Multiprgramming or multiprocessing m difference h
!,@,#,$,%,U,^,&,*,(,)
Thankyou so much! What teachers fail to do in 1hr lec u clear it in 10-15min.
!,@,#,$,%,U,^,&,*,(,)
wonderfull sir
!,@,#,$,%,U,^,&,*,(,)
sir if I study only your videos for gate then it will be enough for os   or I have to go through all the topics by book also??
!,@,#,$,%,U,^,&,*,(,)
"Bhai bahut helpful video B'nai
Thanks a lot"
!,@,#,$,%,U,^,&,*,(,)
sir you can say a word ( kerna)l whtat is this????
!,@,#,$,%,U,^,&,*,(,)
Subscribe kr diya sir
!,@,#,$,%,U,^,&,*,(,)
nice sir
!,@,#,$,%,U,^,&,*,(,)
Sir ur all lectures are best and u r the best teacher  in the world honestly...
!,@,#,$,%,U,^,&,*,(,)
I am a student of cl 10 and my board exam held on 20 th feb.ğŸ˜¢ğŸ˜¢ğŸ˜¢ğŸ˜¢ğŸ˜¢ğŸ˜¢ğŸ˜¢ğŸ˜¢ğŸ˜¢ğŸ˜¢
!,@,#,$,%,U,^,&,*,(,)
Cha gaye guru
!,@,#,$,%,U,^,&,*,(,)
Very nice sir
!,@,#,$,%,U,^,&,*,(,)
"Thank you so muchâ˜º
Best explanation ğŸ‘Œ"
!,@,#,$,%,U,^,&,*,(,)
Love from Pakistan sir
!,@,#,$,%,U,^,&,*,(,)
Great teaching sir...you are inspiring.. and i am learning a lot from you. Thank you so much for this. ğŸ˜Š
!,@,#,$,%,U,^,&,*,(,)
Nice way of teaching sir
!,@,#,$,%,U,^,&,*,(,)
good hy but large explains kirta
!,@,#,$,%,U,^,&,*,(,)
"Your  way of teaching  is awesome...ğŸ‘
 Thnku  for  clearing  my concept . Keep  going!!!"
!,@,#,$,%,U,^,&,*,(,)
thank you soo much sir
!,@,#,$,%,U,^,&,*,(,)
Laga raho sar    please ğŸ˜«ğŸ™ğŸ™ğŸ’“ apna nam bataa  ğŸ‘¯ğŸ’µğŸ¸
!,@,#,$,%,U,^,&,*,(,)
"Thanks sir!!
You just earned an sub
keep making vidoes!!!"
!,@,#,$,%,U,^,&,*,(,)
speak slowly
!,@,#,$,%,U,^,&,*,(,)
So helpful thanks a lot sir god gives you lot of happiness ramramg
!,@,#,$,%,U,^,&,*,(,)
magia teacher
!,@,#,$,%,U,^,&,*,(,)
"Good morning sir!
I sent you a mail, for schedule to crack nta net plz send me on my mail id the schedule to take top 100 rank in gate and nta net jrf  june 2020
Waiting for your reply sir!
Thanks for your valuable classes that helps me alot for nta net and gate prep"
!,@,#,$,%,U,^,&,*,(,)
Sir please distributed operating system pe video bna skete ho
!,@,#,$,%,U,^,&,*,(,)
Excellent sir..ğŸ‘
!,@,#,$,%,U,^,&,*,(,)
"Very great knowledge,, thanks sir, you are the best teacher"
!,@,#,$,%,U,^,&,*,(,)
U r awesome bro....Hope u have great Success in ur Lyf...Love From Assam
!,@,#,$,%,U,^,&,*,(,)
Sir aap es chapter me main que bta sakte hai for b.com 1st year exam ke liye
!,@,#,$,%,U,^,&,*,(,)
You did not upload memory management and storage management videos
!,@,#,$,%,U,^,&,*,(,)
sir ka channel subscribe kr do kaafi badhiyaa badhaate haiğŸ™ğŸ™ğŸ™
!,@,#,$,%,U,^,&,*,(,)
Do you have any more u tube recorded on this or other related subject
!,@,#,$,%,U,^,&,*,(,)
Very nice explanation sir
!,@,#,$,%,U,^,&,*,(,)
Txx Bro ğŸ‘
!,@,#,$,%,U,^,&,*,(,)
thank you sir
!,@,#,$,%,U,^,&,*,(,)
anyone from Chandigarh University ?
!,@,#,$,%,U,^,&,*,(,)
High level of teaching as per students wants
!,@,#,$,%,U,^,&,*,(,)
get a life nerd
!,@,#,$,%,U,^,&,*,(,)
Well explained. Thank you. Understanding of technical things made easy.
!,@,#,$,%,U,^,&,*,(,)
Thanks sir for u r wonderful explaination...ğŸ‘ğŸ‘ğŸ‘
!,@,#,$,%,U,^,&,*,(,)
Bhayya aap bahut se video me kehte ho 'maine ye already pdha rakha h' to konse video me pdhaya h ye bhi bata do because I haven't seen all of your videos.
!,@,#,$,%,U,^,&,*,(,)
"Nice sir 
#admacravi"
!,@,#,$,%,U,^,&,*,(,)
Kya sir ap important Q. Ko bta sakte hai
!,@,#,$,%,U,^,&,*,(,)
Thanks sir p
!,@,#,$,%,U,^,&,*,(,)
great lecture brother.from Pakistan
!,@,#,$,%,U,^,&,*,(,)
thanks sir
!,@,#,$,%,U,^,&,*,(,)
why class teacher  not teach as you in detail
!,@,#,$,%,U,^,&,*,(,)
great
!,@,#,$,%,U,^,&,*,(,)
Thanks so much sir
!,@,#,$,%,U,^,&,*,(,)
kabhi kisi se mat kaho please ap merey channel ko subscribe kerey ap kaam hi aise karo ke log majboor ho jaye ap ke channel ko subscribe karne ke liye
!,@,#,$,%,U,^,&,*,(,)
Nice sir
!,@,#,$,%,U,^,&,*,(,)
Sir kia ap k compiler construction k lectures upload hain????
!,@,#,$,%,U,^,&,*,(,)
"Your way of teaching is just Awesome , Respect and Love from Pakistan"
!,@,#,$,%,U,^,&,*,(,)
"BCA students???
Tomorrow is my FC exam, wish me luck!!!"
!,@,#,$,%,U,^,&,*,(,)
I want to know how first  OS work and how OS  work on monitor?
!,@,#,$,%,U,^,&,*,(,)
Bro you are *unnecessarily*making the video long
!,@,#,$,%,U,^,&,*,(,)
Tutorial space UGC NET best channel pls visit
!,@,#,$,%,U,^,&,*,(,)
Very nice
!,@,#,$,%,U,^,&,*,(,)
Sir bca sem 1 ki preparation kara do 15 days ki...plz...
!,@,#,$,%,U,^,&,*,(,)
"Very useful video best explanation
Very useful for student's examination Thanks sir 
Keep posting best videos"
!,@,#,$,%,U,^,&,*,(,)
Sir theri send kro na
!,@,#,$,%,U,^,&,*,(,)
ap bahut accha pdate hai ...lgta hi nahi ki main video se pd rhi hu.. thank you sir...
!,@,#,$,%,U,^,&,*,(,)
thnkk u so much sir...vry helpful vedio for me...sir pls mcq ki series v strat kr dijiye ta ki hmari preparation achhe tarike se ho ske...humble req to u..ğŸ™ğŸ™ğŸ™
!,@,#,$,%,U,^,&,*,(,)
thank you very much nice convience
!,@,#,$,%,U,^,&,*,(,)
Your lecture like is Oxford university teacher THANKS.
!,@,#,$,%,U,^,&,*,(,)
Sir please also explain types of operating system ğŸ™
!,@,#,$,%,U,^,&,*,(,)
Thanks sir
!,@,#,$,%,U,^,&,*,(,)
My all doubts are clear
!,@,#,$,%,U,^,&,*,(,)
Sir aap kaha s ho....aap bahut hi achhe s samjhate ho ...thank you so much sir......ğŸ˜ŠğŸ˜ŠğŸ˜Š
!,@,#,$,%,U,^,&,*,(,)
well explained thnx sir
!,@,#,$,%,U,^,&,*,(,)
Well explained.
!,@,#,$,%,U,^,&,*,(,)
your teaching method is so good
!,@,#,$,%,U,^,&,*,(,)
"DOUBT- Can you please tell that if any file has been removed from RAM , then where it will go?"
!,@,#,$,%,U,^,&,*,(,)
"Sir, you explained very well. thank you so much"
!,@,#,$,%,U,^,&,*,(,)
Sir can you plz provide me pdf notes of operating system for theory preparation of this subject ???
!,@,#,$,%,U,^,&,*,(,)
best explanation process I have ever seen.i am from Bangladesh.I am a big fan of yours Bro...
!,@,#,$,%,U,^,&,*,(,)
wow! What a video! Loved it.
!,@,#,$,%,U,^,&,*,(,)
Well explained. Thank you sir!
!,@,#,$,%,U,^,&,*,(,)
Awesome  :)
!,@,#,$,%,U,^,&,*,(,)
block and wait is different thing ya same
!,@,#,$,%,U,^,&,*,(,)
Pls make a video on win 10
!,@,#,$,%,U,^,&,*,(,)
Diploma computer sciences ka videos o.s ka
!,@,#,$,%,U,^,&,*,(,)
good I understand  ğŸ˜ƒğŸ˜ƒğŸ˜ƒ
!,@,#,$,%,U,^,&,*,(,)
Great video bhai . Keep up the good work.
!,@,#,$,%,U,^,&,*,(,)
very nice
!,@,#,$,%,U,^,&,*,(,)
"Sir aap bahut acche se explain kartey ho 
Mujhe Operating system ke all types samajhna he isske liye koi Video he kya"
!,@,#,$,%,U,^,&,*,(,)
One of the best playlist in YouTube for Operating System <3
!,@,#,$,%,U,^,&,*,(,)
"Thank u sir because of you i cleared computer networks in 4th sem in just 2 gap day 
I was really hopeless but your videos helped me outğŸ™ğŸ»
Now again looking forward to operating systemğŸ™ŒğŸ»"
!,@,#,$,%,U,^,&,*,(,)
1 number explain sir
!,@,#,$,%,U,^,&,*,(,)
Watch my video at carry boss channel
!,@,#,$,%,U,^,&,*,(,)
Sir nice video
!,@,#,$,%,U,^,&,*,(,)
"Sir provide us the notes of these chapters
Thanks"
!,@,#,$,%,U,^,&,*,(,)
Very helpful sir thank u
!,@,#,$,%,U,^,&,*,(,)
Thanks
!,@,#,$,%,U,^,&,*,(,)
U are just best SIR
!,@,#,$,%,U,^,&,*,(,)
"thanks for explanations sir.I didn't find cpp tutorials on gate smashers, if you could please provide any link."
!,@,#,$,%,U,^,&,*,(,)
Thankuyou sir
!,@,#,$,%,U,^,&,*,(,)
"You are the best, man!"
!,@,#,$,%,U,^,&,*,(,)
Sir your videos are extraordinary please explain all topics of o.s
!,@,#,$,%,U,^,&,*,(,)
"Thanks for the video, helped with my server hired from Datasoft Networks www.datasoft.ws"
!,@,#,$,%,U,^,&,*,(,)
"I love forever @@@thanks broooo.
Bro give me your what's app no"
!,@,#,$,%,U,^,&,*,(,)
So muny
!,@,#,$,%,U,^,&,*,(,)
Sir can u please make  videos for os practical for fy bscit.please
!,@,#,$,%,U,^,&,*,(,)
Happy to learn again from you after leaving LPU. Will try to complete all the topics.
!,@,#,$,%,U,^,&,*,(,)
Sir ap c language par bhi videos upload kro.. Plzzzz
!,@,#,$,%,U,^,&,*,(,)
Superb Sir... Balle Balle ğŸ•ºğŸ•º
!,@,#,$,%,U,^,&,*,(,)
Jay Pubg
!,@,#,$,%,U,^,&,*,(,)
Thank you sir
!,@,#,$,%,U,^,&,*,(,)
ğŸ¤—
!,@,#,$,%,U,^,&,*,(,)
ğŸ˜ŠğŸ˜ŠğŸ˜ŠğŸ˜˜ğŸ˜˜ğŸ˜˜
!,@,#,$,%,U,^,&,*,(,)
Bhot shandar explanation diya
!,@,#,$,%,U,^,&,*,(,)
Thank you sir. More power to you. It would be really great if you could please teach us any one programming language.
!,@,#,$,%,U,^,&,*,(,)
Nyc video sir please make a video on everything about web browser (www) and e-mail
!,@,#,$,%,U,^,&,*,(,)
Very useful information ğŸ‘ŒğŸ‘ŒğŸ‘Œ
!,@,#,$,%,U,^,&,*,(,)
man wish this was in english
!,@,#,$,%,U,^,&,*,(,)
"Thanku sir,,  ur videos are really awesome,,  i have covered all my syllr of os and now I m confident but it will be more gud if u start making videos on programming languages..  By heart request ğŸ™ğŸ˜Š"
!,@,#,$,%,U,^,&,*,(,)
"Good teaching method sir


Thanks you Very much"
!,@,#,$,%,U,^,&,*,(,)
It helped a lot
!,@,#,$,%,U,^,&,*,(,)
Nice video sirğŸ‘ŒğŸ‘Œ
!,@,#,$,%,U,^,&,*,(,)
Nice sir
!,@,#,$,%,U,^,&,*,(,)
Itna Acha lecture
!,@,#,$,%,U,^,&,*,(,)
Ma Sha Allah very nice teaching method. Allah bless you!
!,@,#,$,%,U,^,&,*,(,)
"Sir mai v computer parhati hu ,please aap mujhe behtar tarike se parhane ka trick btayiye."
!,@,#,$,%,U,^,&,*,(,)
Thank you very much sir for this video
!,@,#,$,%,U,^,&,*,(,)
Love u sir......u r awesome
!,@,#,$,%,U,^,&,*,(,)
Thank you sir for this video
!,@,#,$,%,U,^,&,*,(,)
Thanks a lot ğŸ˜ğŸ˜ğŸ‘¸ğŸ‘¸
!,@,#,$,%,U,^,&,*,(,)
You are love
!,@,#,$,%,U,^,&,*,(,)
described in very simple and common way.....you are doing very good work...salute
!,@,#,$,%,U,^,&,*,(,)
Nice
!,@,#,$,%,U,^,&,*,(,)
Brilliant work!
!,@,#,$,%,U,^,&,*,(,)
Wow
!,@,#,$,%,U,^,&,*,(,)
Amazing ğŸ‘ğŸ‘ğŸ‘ğŸ‘ğŸ‘ğŸ‘ğŸ‘ğŸ‘ğŸ‘ğŸ‘ğŸ‘
!,@,#,$,%,U,^,&,*,(,)
Allah apko salamat rakhay sir g
!,@,#,$,%,U,^,&,*,(,)
Hmmm good teacher guy ğŸ‘
!,@,#,$,%,U,^,&,*,(,)
"Amazing lectures.
Thank you brother."
!,@,#,$,%,U,^,&,*,(,)
NYC Sir
!,@,#,$,%,U,^,&,*,(,)
Good
!,@,#,$,%,U,^,&,*,(,)
Sir bina operating systems ko use kar ke work kaise karenge
!,@,#,$,%,U,^,&,*,(,)
I subscribed
!,@,#,$,%,U,^,&,*,(,)
"Kya Aap Word processing system,windows,excel, Data base management pe video bana sakte ho exm type k...plz"
!,@,#,$,%,U,^,&,*,(,)
"Sir, your teaching is perfectğŸ‘ŒğŸ‘ŒğŸ‘ŒğŸ‘Œ"
!,@,#,$,%,U,^,&,*,(,)
Best video ğŸ‘ğŸ‘thnkyou sirâ˜ºï¸
!,@,#,$,%,U,^,&,*,(,)
Very helpful video sir
!,@,#,$,%,U,^,&,*,(,)
thanks sir
!,@,#,$,%,U,^,&,*,(,)
"Sir you don't tell the meaning of difficult word
But you teach very nicely"
!,@,#,$,%,U,^,&,*,(,)
Very nice lecture ğŸ‘Œ
!,@,#,$,%,U,^,&,*,(,)
"Sir 21 ko exam h os ka ,notes milenge ..?? Aap  bahut sahi padate h to,socha aap se hi notes k liye kahu ...ğŸ˜‹ğŸ˜‹ğŸ˜‹"
!,@,#,$,%,U,^,&,*,(,)
Bht achi video hain or useful hain thanks sir
!,@,#,$,%,U,^,&,*,(,)
Sir your way of teaching is fabulous
!,@,#,$,%,U,^,&,*,(,)
Fantastic sir
!,@,#,$,%,U,^,&,*,(,)
Life Saver GuyğŸ˜
!,@,#,$,%,U,^,&,*,(,)
brother you are good but please speak in english. that would be boost up for your channel. because there will be communication gap.
!,@,#,$,%,U,^,&,*,(,)
Os kha save rhta h.
!,@,#,$,%,U,^,&,*,(,)
Thanks Usttad  g you are great teacher thodiaa videos dekh k hi DBMS da paper Vdia  hoya Te hun Fr tyaari Chl rhi hai kl de paper os  d
!,@,#,$,%,U,^,&,*,(,)
bohot hard sir maja aa gayağŸ˜ŠğŸ˜Š
!,@,#,$,%,U,^,&,*,(,)
Thnk you sir
!,@,#,$,%,U,^,&,*,(,)
"Thank you very much sir. Actually I don't know Hindi, i understand what you explain. So very good explanation sir."
!,@,#,$,%,U,^,&,*,(,)
Very nice... 1 bar m smjh aa gaya !! The way of teaching is great ğŸ˜„
!,@,#,$,%,U,^,&,*,(,)
"VERY GOOD SIR VERY GOOD LECTURE 
THANKS A LOT"
!,@,#,$,%,U,^,&,*,(,)
WHAT IS YOUR NAME
!,@,#,$,%,U,^,&,*,(,)
ğŸ™ğŸ™
!,@,#,$,%,U,^,&,*,(,)
Nice explaination sir
!,@,#,$,%,U,^,&,*,(,)
Love ğŸ’— bruh !!
!,@,#,$,%,U,^,&,*,(,)
Very good explanation sir... Actually i don't know Hindi but i understand your explanation... Great teacher you are...
!,@,#,$,%,U,^,&,*,(,)
nice
!,@,#,$,%,U,^,&,*,(,)
Achha laga to like karunga or subscribe bhi
!,@,#,$,%,U,^,&,*,(,)
sir Thankyou apke video se main exam main pass ho gya
!,@,#,$,%,U,^,&,*,(,)
Please can i start a computer from Keyboard without touching CPUs on key
!,@,#,$,%,U,^,&,*,(,)
very Nyc
!,@,#,$,%,U,^,&,*,(,)
Very nice sir
!,@,#,$,%,U,^,&,*,(,)
nice
!,@,#,$,%,U,^,&,*,(,)
Thank u sir g
!,@,#,$,%,U,^,&,*,(,)
Very nice teaching sir
!,@,#,$,%,U,^,&,*,(,)
I really pray to God that every student should get a great teacher like you. Thank you sir.
!,@,#,$,%,U,^,&,*,(,)
Kis cllg.se.ho ap sir ?
!,@,#,$,%,U,^,&,*,(,)
"Respected dear sir 
i am very thankful for uh 
ur teaching Art is Osm obviously. i understood all of ur lecture Easily.  so thanks again 
lots of love from kashmir"
!,@,#,$,%,U,^,&,*,(,)
Please Desktop Operating systems  per Video  bannaeye na  please......
!,@,#,$,%,U,^,&,*,(,)
Teacher ho toh aisa
!,@,#,$,%,U,^,&,*,(,)
akhirrr.....end kr dia sir g....
!,@,#,$,%,U,^,&,*,(,)
Helpful video
!,@,#,$,%,U,^,&,*,(,)
I lave all indian  from afghanistan
!,@,#,$,%,U,^,&,*,(,)
You are really to good sir .. aise teacher mil jaye to stdy ki jarurat hi nh ..
!,@,#,$,%,U,^,&,*,(,)
"Sir what an explanation fantastic 
Best explanation good vedio"
!,@,#,$,%,U,^,&,*,(,)
Sir RAM ko primary memory bolte hai
!,@,#,$,%,U,^,&,*,(,)
"Sir, 
MP SI STENO me 100 no. k exam me  40 no. ka computer aata h...Plz... Sir uske liye syllabus k according video banao.... Thanks"
!,@,#,$,%,U,^,&,*,(,)
Please make vedios on Types of operating system also...
!,@,#,$,%,U,^,&,*,(,)
Thank you Sir Love U From Pakistan
!,@,#,$,%,U,^,&,*,(,)
Sir please another video of dos and windows operating system because i have exam  after two days PLEASE
!,@,#,$,%,U,^,&,*,(,)
tq varun sir
!,@,#,$,%,U,^,&,*,(,)
Thank u sir..
!,@,#,$,%,U,^,&,*,(,)
"Sir Ur Teaching is very good, iam Teacher iam learning the teaching from your pattern. Thanks lot. Sir can u tell me what is  business computing"
!,@,#,$,%,U,^,&,*,(,)
You are great sir....thanku so much for good teaching
!,@,#,$,%,U,^,&,*,(,)
"Thank u sir
U save my time 
And I understand concept  easily"
!,@,#,$,%,U,^,&,*,(,)
Experienced lecturer..
!,@,#,$,%,U,^,&,*,(,)
*Naughtifications ğŸ˜ğŸ˜ğŸ™‰ğŸ™‰ğŸ˜*
!,@,#,$,%,U,^,&,*,(,)
Nice sir
!,@,#,$,%,U,^,&,*,(,)
nice explaination
!,@,#,$,%,U,^,&,*,(,)
is this playlist is enough for gate .......plz reply
!,@,#,$,%,U,^,&,*,(,)
"Thanks sir aap bahut aacha padhate ho, I am a student of class 9.Humare teachers bhi itna aacha nahi samjhate hai jintna aap samjhate ho"
!,@,#,$,%,U,^,&,*,(,)
thanks sir
!,@,#,$,%,U,^,&,*,(,)
please make computer organization and architecture videos as there is no content available
!,@,#,$,%,U,^,&,*,(,)
Really awesome one......
!,@,#,$,%,U,^,&,*,(,)
awesome sir
!,@,#,$,%,U,^,&,*,(,)
Love from pakistan
!,@,#,$,%,U,^,&,*,(,)
sir thank you for videos nice explanation
!,@,#,$,%,U,^,&,*,(,)
Sir are you teaching in LPU??
!,@,#,$,%,U,^,&,*,(,)
thank you Sir
!,@,#,$,%,U,^,&,*,(,)
Wow sir.  Thank u
!,@,#,$,%,U,^,&,*,(,)
Very good teaching sir
!,@,#,$,%,U,^,&,*,(,)
Sir ap bht esay way me smjate h
!,@,#,$,%,U,^,&,*,(,)
Sir os ki or videos b upload krte rha kariye
!,@,#,$,%,U,^,&,*,(,)
Wahhh mastt
!,@,#,$,%,U,^,&,*,(,)
Thank u sir ğŸ™
!,@,#,$,%,U,^,&,*,(,)
Nice video
!,@,#,$,%,U,^,&,*,(,)
operating system ki Koi Book Bta do Bhai  #PlzRply
!,@,#,$,%,U,^,&,*,(,)
Please teach algorithmic design
!,@,#,$,%,U,^,&,*,(,)
Kya kha apnai naughty fication milenge apka channel subscribe krnai pr
!,@,#,$,%,U,^,&,*,(,)
"Sir plzz aap mere college me as a teacher aa jao 
Plzz ap jaiso ki bhot jarurt  h yha"
!,@,#,$,%,U,^,&,*,(,)
Thanks sir..  Apka explanation hamari medam se Bohot acha he..  And tomorrow is my exams internal n I'm really excited ğŸ™ thank you sir
!,@,#,$,%,U,^,&,*,(,)
Awesome way of teaching ğŸ˜€
!,@,#,$,%,U,^,&,*,(,)
which programming language is used for OS?
!,@,#,$,%,U,^,&,*,(,)
mashaallah behed khubsurt
!,@,#,$,%,U,^,&,*,(,)
sir your videos are really awsm.... but pls provide the correct order for the videos. thnku sir
!,@,#,$,%,U,^,&,*,(,)
Sir bios kis liye use Kiya jata hai
!,@,#,$,%,U,^,&,*,(,)
i follow this chennel gate smeshers really got 82 mark in Database subject i totally prepared my paper from this channel thank you sir
!,@,#,$,%,U,^,&,*,(,)
THANX
!,@,#,$,%,U,^,&,*,(,)
SIR PLESE GIVE THE PROGRAMING CODE OF EACH TOPIC AND U R NOT UPLOAD THE  VIDEO OF SYSTEM CALL
!,@,#,$,%,U,^,&,*,(,)
"Very good lectures. Sir, do you provide printed material for your lectures?"
!,@,#,$,%,U,^,&,*,(,)
Best explanation... I ever heard...keep going...
!,@,#,$,%,U,^,&,*,(,)
Awesome Lectures bro. Keep it up. Your Pakistani brother from Germany.
!,@,#,$,%,U,^,&,*,(,)
Bahut badhiya bro.  Lage rho
!,@,#,$,%,U,^,&,*,(,)
I AM FROM Pakistan. sir very good lecture.
!,@,#,$,%,U,^,&,*,(,)
DADA nice
!,@,#,$,%,U,^,&,*,(,)
Sir aap Gate cleared ho?
!,@,#,$,%,U,^,&,*,(,)
Great respect from me
!,@,#,$,%,U,^,&,*,(,)
love bruh! You have adopt A very amazing style of teaching bro amazing . ALLAH may give u success :)
!,@,#,$,%,U,^,&,*,(,)
Sir humble request to you... Please upload all the vedios of computer system architecture...of UGC NET. Please sir
!,@,#,$,%,U,^,&,*,(,)
Thank u sir
!,@,#,$,%,U,^,&,*,(,)
visit http://eduriz.com/introduction-operating-system/  to learn more about operating system
!,@,#,$,%,U,^,&,*,(,)
"U R WONDERFUL SIR,SO MUCH RESPECT FOR U......"
!,@,#,$,%,U,^,&,*,(,)
OPERATING SYSYTEM BOOK BY GALVIN---LINK --BUY--AMAZON--https://amzn.to/2US1bTb
!,@,#,$,%,U,^,&,*,(,)
"very good teaching experience sir, i am new student"
!,@,#,$,%,U,^,&,*,(,)
Sir mcq provide krvaiye each topics ke plzzz plzzz humble request
!,@,#,$,%,U,^,&,*,(,)
à¨§à©°à¨¨à¨µà¨¾à¨¦ à¨œà©€
!,@,#,$,%,U,^,&,*,(,)
Thankyou veerji meri dua ai ji wahe guru agge k thonu kise collage de vich government job mil jave.
!,@,#,$,%,U,^,&,*,(,)
"Sir, Just one word COMMENDABLE!"
!,@,#,$,%,U,^,&,*,(,)
sir
!,@,#,$,%,U,^,&,*,(,)
super teching technique
!,@,#,$,%,U,^,&,*,(,)
I'm really trying to understand .... please use english subtitles next time pleaseee
!,@,#,$,%,U,^,&,*,(,)
"Very good explain.... sir......
Continue your processing...."
!,@,#,$,%,U,^,&,*,(,)
"Wow ...Well explained 
...U made it simple sir"
!,@,#,$,%,U,^,&,*,(,)
Subscribed ur channel on 17 devices/ accounts
!,@,#,$,%,U,^,&,*,(,)
"I had Never seen the teacher like u 

Thanks a lot"
!,@,#,$,%,U,^,&,*,(,)
Thanks
!,@,#,$,%,U,^,&,*,(,)
Thanks sir this is so helpful for me
!,@,#,$,%,U,^,&,*,(,)
Just got into semester 4 and wanted to get a clear understanding of introduction to operating system. This is the best video with excellent explaining method and teaching technique. Looking forward to learn more from this channel.
!,@,#,$,%,U,^,&,*,(,)
Could you do it in english?
!,@,#,$,%,U,^,&,*,(,)
Verry nice sir
!,@,#,$,%,U,^,&,*,(,)
Bht zbrdst.
!,@,#,$,%,U,^,&,*,(,)
Amazing teaching
!,@,#,$,%,U,^,&,*,(,)
WHY U FOCUSED ON HINDI WHY ENGLISH .pLZ tell in english also
!,@,#,$,%,U,^,&,*,(,)
Very good video sir keep sharing your knowledge  ğŸ‘ŒğŸ‘ŒğŸ‘Œ
!,@,#,$,%,U,^,&,*,(,)
English please ğŸ˜‚
!,@,#,$,%,U,^,&,*,(,)
Nice video
!,@,#,$,%,U,^,&,*,(,)
What is cinariyo
!,@,#,$,%,U,^,&,*,(,)
Are videos of os enough for gate 19?
!,@,#,$,%,U,^,&,*,(,)
"Thank u sir... Me o level kr rhi hu mujhe bahut achhe se samjh aya jo aapne samjhaya... Kal mera it tools & business system ka exam h.
Thnks for gives a easy to understand"
!,@,#,$,%,U,^,&,*,(,)
"Sir 
Process management 
Memory management 
Storage management 
Input /output management 
Uska describe 
Link send me sir"
!,@,#,$,%,U,^,&,*,(,)
Thanks for your help.
!,@,#,$,%,U,^,&,*,(,)
Thank you sir for all your video..... That helps me alot.... And because of your video's i m able to secure AIR 843 rank..... Thank you sir ğŸ˜€
!,@,#,$,%,U,^,&,*,(,)
thanku sirji...
!,@,#,$,%,U,^,&,*,(,)
sir please provide videos in English
!,@,#,$,%,U,^,&,*,(,)
"Sir ,your's tutorials are always awesome and it is very easy to understand Thankyou sir for providing free tutorials."
!,@,#,$,%,U,^,&,*,(,)
Great Explanation Sir
!,@,#,$,%,U,^,&,*,(,)
Ur teaching is good .if possible teach in english
!,@,#,$,%,U,^,&,*,(,)
Your language is so easy to understand ..
!,@,#,$,%,U,^,&,*,(,)
Really  sir u r the osm... mujhe bhot achi trh se apka smjhaya hua smjh aagya... infact apka tarif m apne computer  teacher se v krti hu thank u sir
!,@,#,$,%,U,^,&,*,(,)
Great sir app programming languages py tutorial bnayeen plz
!,@,#,$,%,U,^,&,*,(,)
"Thanks sir...
Very interesting and attracting style of your teaching"
!,@,#,$,%,U,^,&,*,(,)
Sir u r the best teacher
!,@,#,$,%,U,^,&,*,(,)
Sir do the videos in english...pls
!,@,#,$,%,U,^,&,*,(,)
How to write a operating system plz tell me sir
!,@,#,$,%,U,^,&,*,(,)
Very nice
!,@,#,$,%,U,^,&,*,(,)
Is that enough for gate exams???
!,@,#,$,%,U,^,&,*,(,)
Very nice sir
!,@,#,$,%,U,^,&,*,(,)
Sir thank u so much tomorrow mera exam hai aur apne ye topic smjha kr mujhe ek 10 marks ka long ques prepare kra diya ğŸ˜ŠğŸ˜
!,@,#,$,%,U,^,&,*,(,)
Bhut achha h sir I like it but aapki voice me bhi bhut dm h I mean your voice is tha best
!,@,#,$,%,U,^,&,*,(,)
Nice video
!,@,#,$,%,U,^,&,*,(,)
u r great lub u
!,@,#,$,%,U,^,&,*,(,)
good show
!,@,#,$,%,U,^,&,*,(,)
Sir daily one video upload kara
!,@,#,$,%,U,^,&,*,(,)
Thank u sir aaj mera exam tha nd after watched ur video m kafi kuch exam me likhi bahut acha to ni gya paper but apka btaya helpful rhağŸ™‚so thank u sir
!,@,#,$,%,U,^,&,*,(,)
Good explend
!,@,#,$,%,U,^,&,*,(,)
God bless you....
!,@,#,$,%,U,^,&,*,(,)
Sir your teaching sence is excilent
!,@,#,$,%,U,^,&,*,(,)
Thank u sir
!,@,#,$,%,U,^,&,*,(,)
good sir
!,@,#,$,%,U,^,&,*,(,)
very good lecture
!,@,#,$,%,U,^,&,*,(,)
Thanku sir
!,@,#,$,%,U,^,&,*,(,)
Thanks sir
!,@,#,$,%,U,^,&,*,(,)
vow
!,@,#,$,%,U,^,&,*,(,)
very brilliant sir
!,@,#,$,%,U,^,&,*,(,)
Very fantastic sir jii.....
!,@,#,$,%,U,^,&,*,(,)
Main memory is not secondary memory it's primary memoryâœ”ï¸
!,@,#,$,%,U,^,&,*,(,)
thanks bro
!,@,#,$,%,U,^,&,*,(,)
Thank you sir. God bless u.
!,@,#,$,%,U,^,&,*,(,)
"Sir please
Casting in c language bhi bta do"
!,@,#,$,%,U,^,&,*,(,)
sir aapka jo ye video hae bahut easy hae jo student ko samajhne me vi easy hoga or hae vi good sir
!,@,#,$,%,U,^,&,*,(,)
thanks nyc video
!,@,#,$,%,U,^,&,*,(,)
Nice explaining thankuuuuuuuu sir ji
!,@,#,$,%,U,^,&,*,(,)
please note bhi likhiye
!,@,#,$,%,U,^,&,*,(,)
but without os how to write programm
!,@,#,$,%,U,^,&,*,(,)
computer architecture gate ke liye v banaye sir
!,@,#,$,%,U,^,&,*,(,)
Great sir
!,@,#,$,%,U,^,&,*,(,)
"While searching for lectures I didn't move to any other video whenever I see the relevant video's lecture uploaded by U i'm searching for,sir."
!,@,#,$,%,U,^,&,*,(,)
ğŸ‘ŒğŸ‘ŒğŸ‘ŒğŸ˜Š
!,@,#,$,%,U,^,&,*,(,)
great work by you brother THUMBS UP TO YOU
!,@,#,$,%,U,^,&,*,(,)
Thank you so much sir....can u please upload a lecture about logic gate?
!,@,#,$,%,U,^,&,*,(,)
Thank you very much sir
!,@,#,$,%,U,^,&,*,(,)
I am from Pakistan  best teaching  style
!,@,#,$,%,U,^,&,*,(,)
very good sir...............
!,@,#,$,%,U,^,&,*,(,)
thank you so much extreamly helpful
!,@,#,$,%,U,^,&,*,(,)
Thanks sir you simple
!,@,#,$,%,U,^,&,*,(,)
Perfect Explanation.
!,@,#,$,%,U,^,&,*,(,)
Hlo sir....plssss buffer management  (DBMS) pr jldi video bnado.... sir exams start hone wale hai.. soo plss sir try to understand....ğŸ˜¯ğŸ˜¯ğŸ˜¯
!,@,#,$,%,U,^,&,*,(,)
Great
!,@,#,$,%,U,^,&,*,(,)
U aren't sexyğŸ˜‘
!,@,#,$,%,U,^,&,*,(,)
very niiiiiice
!,@,#,$,%,U,^,&,*,(,)
Sir teach how to solve software engineering  numerical
!,@,#,$,%,U,^,&,*,(,)
Thank you sir
!,@,#,$,%,U,^,&,*,(,)
Nice
!,@,#,$,%,U,^,&,*,(,)
"EASY TO UNDERSTAND
THANQ SIR"
!,@,#,$,%,U,^,&,*,(,)
Sir mujhe apse bht sare questions puchna hai ..
!,@,#,$,%,U,^,&,*,(,)
Sir ap bht acha smjhate hai
!,@,#,$,%,U,^,&,*,(,)
Superb sir
!,@,#,$,%,U,^,&,*,(,)
Nice sir
!,@,#,$,%,U,^,&,*,(,)
Please .... Sir.. Make videos on computer organization and architecture... Subject
!,@,#,$,%,U,^,&,*,(,)
"Thanks sir 
For this video its very helpful"
!,@,#,$,%,U,^,&,*,(,)
Very good sir
!,@,#,$,%,U,^,&,*,(,)
"500 like is mine,i m sure it will go to 'n' K Likes"
!,@,#,$,%,U,^,&,*,(,)
"Sir,
     Please make videos on computer organization"
!,@,#,$,%,U,^,&,*,(,)
Thanks
!,@,#,$,%,U,^,&,*,(,)
Great job bro...i loved the way u taught â¤
!,@,#,$,%,U,^,&,*,(,)
"thanks sir, your way is so simple to understand."
!,@,#,$,%,U,^,&,*,(,)
Great sir
!,@,#,$,%,U,^,&,*,(,)
best way to teach kash aap jaise techer college me hote but  thanku sir for teaching us most respect to u hindi and english u both language use thats also awsome and explaination excellent
!,@,#,$,%,U,^,&,*,(,)
nicccceeeeeğŸ˜„ğŸ˜„
!,@,#,$,%,U,^,&,*,(,)
"Sir, your videos are nice, please make a video on pcb"
!,@,#,$,%,U,^,&,*,(,)
hello sir ur explaination is very easy way and very clear...
!,@,#,$,%,U,^,&,*,(,)
sir would you please upload video on routing and error controls and protocols of networking
!,@,#,$,%,U,^,&,*,(,)
Hello sir your process is easy to learn...gives us confident
!,@,#,$,%,U,^,&,*,(,)
"Thank so much.

Will you explain about what to do or what are the JOB available after PhD."
!,@,#,$,%,U,^,&,*,(,)
sir plz teach in english
!,@,#,$,%,U,^,&,*,(,)
Respected sir...your teaching way is so good that i can't explain but plz sir give correct order of your videos that is which one is ist second and so on...plz sir give proper ordering to your OS videos so that we may learn step by step
!,@,#,$,%,U,^,&,*,(,)
Sir thank you so much for making videos  very good explanation. Especially old questions explanation. Because I have feared about that.thank you so much. Please keep updating more old questions. Surely I will clear ugc net exam.
!,@,#,$,%,U,^,&,*,(,)
Amazing and very Clear Keep it up bro
!,@,#,$,%,U,^,&,*,(,)
Sir please data structures pr bhi video bnaiye
!,@,#,$,%,U,^,&,*,(,)
"Amazing video bro, thanks :)"
!,@,#,$,%,U,^,&,*,(,)
nice explanation sirğŸ‘ŒğŸ‘ŒğŸ‘Œ
!,@,#,$,%,U,^,&,*,(,)
Superb sir Its Outstanding sir Seriously
!,@,#,$,%,U,^,&,*,(,)
â™¡
!,@,#,$,%,U,^,&,*,(,)
excellent excellent excellent excellent excellent excellent excellent excellent excellent teacher you are ......
!,@,#,$,%,U,^,&,*,(,)
Who is this teacher? He teaches more well than Ravi sir!what is his name?
!,@,#,$,%,U,^,&,*,(,)
Best definition of operating system
!,@,#,$,%,U,^,&,*,(,)
Sir ji continue rakhiye is series ko
!,@,#,$,%,U,^,&,*,(,)
"Sir your videos are really helpful...Thank you..
I request you to please make a video on numericals on effective access time including TLB n cache and pagefaults  too,this topic is troubling me.."
!,@,#,$,%,U,^,&,*,(,)
