"""Join Scaler Academy by InterviewBit, India's 1st job-driven online tech-versity.

Accelerate your tech skills in 6-months and land a job at the top tech companies globally.

300+ of our students have landed jobs with an salary range of 18-35 LPA at 150+ companies that include Google, Amazon & Microsoft.

No upfront payment. Pay us only after you get a high-paying job.

Live interactive online classes three days a week at night-time. Attend classes from the comfort of your home, even while working full-time.

Visit our website: website link:https://bit.ly/2WcJ7Xs

Follow us on Youtube: https://www.youtube.com/c/ScalerAcademy

Follow us on LinkedIn: https://www.linkedin.com/school/scaleracademy/""
"
"
https://youtube.com/playlist?list=PL8i7l40SMnv4aKr8l5JBTqBoB8l4fOrzz
"
"
https://youtu.be/NZCXDytHP9A
"
"
https://youtu.be/aJ0_vKgqUAQ
"
"
https://youtu.be/LQ2GOVmPBFY
"
"
""https://youtu.be/yTqSg3tqep4
Complete courses here. Do subscribe, like & follow.""
"
"
""learn operating system in short & simple way
https://infospoint.tech/OS""
"
"
https://www.youtube.com/c/ThinkITLearnIT/
"
"
""If possible plz visit my Channel and give your valuable Comments, like, SUBSCRIBE  and Share..
https://youtu.be/-RPJ2KAsEBE
https://youtu.be/IO44ja__NlM
https://youtu.be/Vb2yQDugABw""
"
"
https://media.tenor.com/images/dead135ff8ee519a9d26939065c2f38f/tenor.gif
"
"
Best video in the world ðŸ˜„ðŸ˜‡ðŸ˜‡https://media.tenor.com/images/474fefc370294bfbc927578cf4fe6e66/tenor.gifâ˜ºâ˜º
"
"
""https://youtu.be/0eKR3VwwurI

Sir promote my channel kindly working try hard if u feel it's good then promote dicision is our?""
"
"
""https://youtu.be/ZOa0dPLZgPM
subscribe chanel pleas""
"
"
https://growninfo.blogspot.com/2020/07/types-of-operating-system.html
"
"
https://www.youtube.com/watch?v=YZ3aMEpJUFU
"
"
""beginners please check my channel

https://www.youtube.com/user/AtharDhamtari/""
"
"
""Watch complete Operating System Concepts Lecture Series Hindi/Urdu for FREE!!! ðŸ˜ŠðŸ˜ƒðŸ˜Š

PlayList URL: https://www.youtube.com/playlist?list=PL2vNr2DA4kfo_Kj6B4EAIYAbXvbTwrHqK""
"
"
Download this app Operating System: https://play.google.com/store/apps/details?id=info.ytc.os
"
"
visit http://eduriz.com/introduction-operating-system/  to learn more about operating system
"
"
OPERATING SYSYTEM BOOK BY GALVIN---LINK --BUY--AMAZON--https://amzn.to/2US1bTb
"
